-- phpMyAdmin SQL Dump
-- version 4.8.3
-- https://www.phpmyadmin.net/
--
-- Anamakine: 127.0.0.1:3306
-- Üretim Zamanı: 16 Ara 2019, 21:53:19
-- Sunucu sürümü: 5.7.23
-- PHP Sürümü: 7.2.10

SET SQL_MODE = "NO_AUTO_VALUE_ON_ZERO";
SET AUTOCOMMIT = 0;
START TRANSACTION;
SET time_zone = "+00:00";


/*!40101 SET @OLD_CHARACTER_SET_CLIENT=@@CHARACTER_SET_CLIENT */;
/*!40101 SET @OLD_CHARACTER_SET_RESULTS=@@CHARACTER_SET_RESULTS */;
/*!40101 SET @OLD_COLLATION_CONNECTION=@@COLLATION_CONNECTION */;
/*!40101 SET NAMES utf8mb4 */;

--
-- Veritabanı: `stoktakipsistemi`
--

-- --------------------------------------------------------

--
-- Tablo için tablo yapısı `sts_alisveris`
--

DROP TABLE IF EXISTS `sts_alisveris`;
CREATE TABLE IF NOT EXISTS `sts_alisveris` (
  `sts_islem_id` int(11) NOT NULL AUTO_INCREMENT,
  `sts_urun_id` varchar(225) COLLATE utf16_turkish_ci NOT NULL,
  `sts_müsteri_id` varchar(225) COLLATE utf16_turkish_ci NOT NULL,
  `sts_urun_adet` varchar(225) COLLATE utf16_turkish_ci NOT NULL,
  `sts_islem_tarih` date NOT NULL,
  `sts_durum` varchar(1) COLLATE utf16_turkish_ci NOT NULL,
  PRIMARY KEY (`sts_islem_id`)
) ENGINE=MyISAM AUTO_INCREMENT=209 DEFAULT CHARSET=utf16 COLLATE=utf16_turkish_ci;

--
-- Tablo döküm verisi `sts_alisveris`
--

INSERT INTO `sts_alisveris` (`sts_islem_id`, `sts_urun_id`, `sts_müsteri_id`, `sts_urun_adet`, `sts_islem_tarih`, `sts_durum`) VALUES
(208, '66666', '12345', '630', '2019-11-11', '1'),
(169, '45698', '104003362100', '1', '2019-04-30', '0'),
(168, '77777', '104003362100', '21', '2019-04-28', '1'),
(167, '5555555', '104003362100', '10', '2019-04-28', '1'),
(166, '2222', '104003362100', '1', '2019-04-28', '1'),
(160, '333333', '104003362100', '4', '2019-04-28', '1'),
(161, '111111', '104003362100', '2', '2019-04-28', '1'),
(162, '88888', '104003362100', '3', '2019-04-28', '1'),
(165, '66666', '104003362100', '1', '2019-04-28', '1'),
(164, '4444', '104003362100', '2', '2019-04-28', '1'),
(163, '45698', '104003362100', '4', '2019-04-28', '1'),
(113, '88888', '4332', '7', '2019-02-25', '1'),
(111, '5555555', '4332', '2', '2019-02-25', '1'),
(110, '2222', '123456', '4', '2019-02-22', '1'),
(109, '77777', '123456', '4', '2019-02-22', '1'),
(108, '4444', '123456', '4', '2019-02-22', '1'),
(107, '5555555', '123456', '3', '2019-02-22', '1'),
(106, '4444', '1234', '3', '2019-02-22', '1'),
(105, '2222', '1234', '4', '2019-02-22', '1'),
(91, '111111', '12345', '5', '2019-02-22', '1'),
(92, '2222', '12345', '1', '2019-02-22', '1'),
(102, '4444', '127123123', '3', '2019-02-22', '1'),
(99, '5555555', '127123123', '3', '2019-02-22', '1'),
(117, '111111', '123456', '5', '2019-03-05', '1'),
(98, '111111', '127123123', '3', '2019-02-22', '1'),
(104, '5555555', '1234', '6', '2019-02-22', '1');

-- --------------------------------------------------------

--
-- Tablo için tablo yapısı `sts_kayıt`
--

DROP TABLE IF EXISTS `sts_kayıt`;
CREATE TABLE IF NOT EXISTS `sts_kayıt` (
  `sira` int(11) NOT NULL AUTO_INCREMENT,
  `uye_kullaniciadi` varchar(225) COLLATE utf16_turkish_ci NOT NULL,
  `uye_sifre` varchar(225) COLLATE utf16_turkish_ci NOT NULL,
  PRIMARY KEY (`sira`)
) ENGINE=MyISAM AUTO_INCREMENT=575 DEFAULT CHARSET=utf16 COLLATE=utf16_turkish_ci;

--
-- Tablo döküm verisi `sts_kayıt`
--

INSERT INTO `sts_kayıt` (`sira`, `uye_kullaniciadi`, `uye_sifre`) VALUES
(574, '10400336210', 'karagoz29');

-- --------------------------------------------------------

--
-- Tablo için tablo yapısı `sts_müsteri`
--

DROP TABLE IF EXISTS `sts_müsteri`;
CREATE TABLE IF NOT EXISTS `sts_müsteri` (
  `müsteri_id` varchar(225) COLLATE utf16_turkish_ci NOT NULL,
  `müsteri_adi` varchar(225) COLLATE utf16_turkish_ci NOT NULL,
  `müsteri_soyadi` varchar(225) COLLATE utf16_turkish_ci NOT NULL,
  `müsteri_sifre` varchar(225) COLLATE utf16_turkish_ci NOT NULL,
  `müsteri_posta` varchar(1000) COLLATE utf16_turkish_ci NOT NULL,
  `müsteri_cepno` varchar(225) COLLATE utf16_turkish_ci NOT NULL,
  `müsteri_adres` varchar(225) COLLATE utf16_turkish_ci NOT NULL,
  PRIMARY KEY (`müsteri_id`)
) ENGINE=MyISAM DEFAULT CHARSET=utf16 COLLATE=utf16_turkish_ci;

--
-- Tablo döküm verisi `sts_müsteri`
--

INSERT INTO `sts_müsteri` (`müsteri_id`, `müsteri_adi`, `müsteri_soyadi`, `müsteri_sifre`, `müsteri_posta`, `müsteri_cepno`, `müsteri_adres`) VALUES
('12345', 'hasan', 'şaş', 'hasan123', 'hasan@hotmail.com', '12345', 'istanbul'),
('104003362100', 'kursat', 'karagoz', 'müsteri2929', 'karagoz29kursat@hotmail.com', '5418629990', 'sanayiMah..\n\n'),
('127123123', 'Kemal', 'Sunal', 'NoneNone', 'kemal@hotmail.com', '54123654', 'kemalpasamah.'),
('1234', 'mehmet', 'qweqwe', 'hasan29', 'hasan29@hotmail.com', 'qweqwe', 'asdsdas'),
('123456', 'Ali', 'Efendi', 'NoneNone', 'ali@hotmail.com', '541278', 'aasd'),
('2345', 'Baki', 'mercimek', 'NoneNone', 'baki@gmail.com', '123', 'asdasd'),
('5432', 'ilhan', 'asd', 'NoneNone', 'ilhan@hotmail.com', 'asd', 'balıkesir'),
('434444', 'gürcan', 'karaca', 'NoneNone', 'gurcan@icloud.com', '4587125634', 'gaziantep'),
('4332', 'mahmut', 'erbas', 'NoneNone', 'mahmut@homail.com', '123', 'asda'),
('123123', 'Ahmet', 'nejat', 'NoneNone', 'ahmet@hotmail.com', '123213', 'adıyaman'),
('32566620606', 'Kübra', 'KARA', 'kubra29', 'kkara@gmail.com', '541263644', 'Malatya'),
('10', 'necmi', 'gürsoy', 'necmi123', 'necmi@gmail.com', '123123', 'asdasdasd'),
('5326418', 'ali', 'nazik', 'nazik123', 'nazik@gmail.com', 'None', 'asdasd'),
('12345678943', 'geveze', 'hasan', 'hasan123', 'gvzhsn@hotmail.com', '123123', 'asdasasd'),
('98765432155', 'kursat', 'k', 'kara', 'kara@hotmail.com', 'kkk', 'sanayi'),
('12312345688', 'asa', 'qweq', 'admin29', 'karagoz29kursat@gmail.com', 'qwqwe', 'asmahalles');

-- --------------------------------------------------------

--
-- Tablo için tablo yapısı `sts_urunler`
--

DROP TABLE IF EXISTS `sts_urunler`;
CREATE TABLE IF NOT EXISTS `sts_urunler` (
  `urun_id` varchar(225) COLLATE utf16_turkish_ci NOT NULL,
  `urun_ad` varchar(225) COLLATE utf16_turkish_ci NOT NULL,
  `urun_adet` varchar(225) COLLATE utf16_turkish_ci NOT NULL,
  `urun_tarih` date NOT NULL,
  `urun_fiyat` varchar(225) COLLATE utf16_turkish_ci NOT NULL,
  `urun_goruntu` longblob NOT NULL,
  PRIMARY KEY (`urun_id`)
) ENGINE=MyISAM DEFAULT CHARSET=utf16 COLLATE=utf16_turkish_ci;

--
-- Tablo döküm verisi `sts_urunler`
--

INSERT INTO `sts_urunler` (`urun_id`, `urun_ad`, `urun_adet`, `urun_tarih`, `urun_fiyat`, `urun_goruntu`) VALUES
('66666', 'Deterjan', '7', '2019-02-21', '35', 0x2f396a2f34414151536b5a4a5267414241514141415141424141442f327742444141674742676347425167484277634a4351674b4442514e4441734c44426b534577385548526f6648683061484277674a43346e49434973497877634b4463704c4441784e44513048796335505467795043347a4e444c2f3277424441516b4a4351774c4442674e44526779495277684d6a49794d6a49794d6a49794d6a49794d6a49794d6a49794d6a49794d6a49794d6a49794d6a49794d6a49794d6a49794d6a49794d6a49794d6a49794d6a49794d6a4c2f7741415243414330414c51444153494141684542417845422f38514148774141415155424151454241514541414141414141414141414543417751464267634943516f4c2f3851417452414141674544417749454177554642415141414146394151494441415152425249684d5545474531466842794a7846444b426b61454949304b78775256533066416b4d324a7967676b4b4668635947526f6c4a69636f4b536f304e5459334f446b3651305246526b644953557054564656575631685a576d4e6b5a575a6e61476c7163335231646e643465587144684957476834694a69704b546c4a57576c35695a6d714b6a704b576d7036697071724b7a744c57327437693575734c44784d584778386a4a79744c54314e585731396a5a32754869342b546c3575666f3665727838765030396662332b506e362f38514148774541417745424151454241514542415141414141414141414543417751464267634943516f4c2f385141745245414167454342415144424163464241514141514a3341414543417845454253457842684a425551646863524d694d6f454946454b526f62484243534d7a55764156596e4c524368596b4e4f456c3852635947526f6d4a7967704b6a55324e7a67354f6b4e4552555a4853456c4b55315256566c64595756706a5a47566d5a326870616e4e3064585a3365486c36676f4f456859614869496d4b6b704f556c5a61586d4a6d616f714f6b7061616e714b6d7173724f3074626133754c6d367773504578636248794d6e4b3074505531646258324e6e613475506b3565626e364f6e7138765030396662332b506e362f396f4144414d424141495241784541507744332b69696967416f6f6f6f414b4b4b4b414369696967416f7a52575071656f50453732365a52734435776561414e6a4e4a6b657463717570584675344d63726b656a6e6344576c623363743149786d6378706a67496344382b7441477a6d69732b326e4b336257727557774d71573634394b304b414369696967416f6f6f6f414b4b4b4b414369696967416f6f6f6f414b4b4b4b414369696967416f6f6f6f414b4b4b4b4141394b3576566c44616d77502b7a2f4b7567643152437a734655444a4a4f414b3554566456732f37535a31756f69754677774f525141586341525267644d317136584572774d726335775070574464613559534469366a4f4d2b7672576c706d7461636b664e35454d6b63456e3170326468584c397563367743546b3466384154417258726e395075345a39574c704b7055423848366b644b337851786930555555674369696967416f6f6f6f414b4b4b4b414369696967416f6f6f6f414b4b4b4b414369696967416f6f704d2b314147627272626442766d4861467533745869636c312b2b633732487a486f452f7258632f456634683654345973354e4b64587539517555494e7643777a457048444f65326577366d7646592f4773626b764a6233437533554459342f4d347257464b6374596f6c7a6974477a704972397633684530334236623468362b31642f34637549336b555345794c74347932372b44324872586a53654a3147346753636e4f504a53756d306e346e32326d73444a6133556d467838716f50344e7672363831312f56716a57786735712b35364863335465627068334d5765337966336d636e6366626d752f73546d77746a2f3079582b517235316e2b4a774d6c75363256334d494543716b6b7971447a2f73673137423443386261623476307246714867756256565357326c493341597747474f716e313963697361394763456d306155354a6e615555674f61577555314369696967416f6f6f6f414b4b4b4b414369696967416f6f6f6f414b4b4b4b414369696967424b3550346965495a664448676a557454743546533652416c75534d2f76474955636669542b46645a58696637514f7372485936566f71503841504e4b31314b6f2f75714e71352b72452f7744664e58536a7a7a53464a32567a777561346d753771533575705a4a7070574c7953534d537a7365704a3961656b694c2f445549706139714875374847396479794a5550536e6a446a676971644b474b3943525771713979484873586967493656643048584c37777872647671756e76746e68504b6b2f4c496e38534e37482f41397179307553763368556d344f4d69744a636c52574a584e4633507272777a34697376464f68572b71324f664c6c47486a623730546a37794e37672f343175563874664462786f2f672f7741524262687a2f5a5634516c307565497a326b4830372b6f7a365639517875726f724b775a5747515163676a3172352f455548536e626f64384a3879755330555556695746464646414252525251415555555541464646464142525252514155555555414d5a73446b344872587974346c75702f486e6a765574515269624b4f5151784566383831345848313562386139392b4a4f7548772f34423157385239737a526552436639742f6c422f444a50345678487733384932316e344974723637554931776a584c6b396c50336630412f4f757a4363734c7a6b63754b63755330647a7a482b786a433231496769444a35394b7937757a45306d5175464854486576657458384d326b6c6b5a494e726f344441727a6b6471387331625454444f79374d4b4467415637564f704371744479485571555a4a79314f4d613155484743616239694858474b335a4c5a596563636b6852395455636d6c616b4c367a736673354635654f45696a63466576494a3973636d756174586f305a63733371656c51565374486d67726f775a62637835776334394b68424b4e58562b4b50682f7150686e54593951765a6f376c5377556d337a6844366e49347a774232466335465a33467a6552326c70424a63547a45434f4f4e537a4e394258505278634b6a664b644657684b4734304d4a4534786b6574665150775638594e713269763466765a63336d6e7150494c486d53446f507855386651725867657161587165683361572b7132467a5a53754e79724f6d336350556574582f446576792b472f45466a724e73435462795a644f6d2b4d384f76346a2b6c5656537230326c756a4f463663745437486f71746158634e396151335675346b676d525a493348526c497944566d76494f734b4b4b4b414369696967416f6f6f6f414b4b4b4b414369696967416f6f70445142347838656274376944514e41684a33336c795a4741507068467a2b4c2f70586279614e6133656a57316b6b766b47316a435146546851516f4133656f7742586c76784c76446566476654345230734c654c387a75662b6f72724c6655744f6c6c775934504e7779794d564c6267344163646534414664386145705555346e6e313852536a56354b6a36476e4e5a516e546c7367756f527353437a37636a6354676b4873426a3841523631784f707733326d6f7a537876663271354c7249684441656f4f4b314c3358626179654b54796f5a5a74784d7068684159756362694f654d674c7837566d69533676346e6c75456a7462414c6d566e6a434d33417a3334484172576c43634e5774446b785661684b4e6f362b694d4f356a67306a78446f383547367a6c6c44667652776f49372b774a427276723172536138747062356b6d6c42456351413235597166756e726e7267567a4f67786e7864347169534331336164626f34535752506c4c6a422f55344664747231724c70656e533373316c62792f5a3256684747354a7a67593436383856356d5a4b5571716131646a334d6c664a52554a3733304d6658594939553036347472683769524a6c4d6252446f50513537567a6e773030363230623479584e674a495a646c67336c73707a73596843526e2b396a4f61735866696d366e6a6279624b43336b49374d5735397a67567a666733584c68766a427056316542413872746173554741517973422f5373734465584f6c3250567a50437a7051684b5374646e736678503847703479384b5451526f50375174515a724e6831336766632b6a446a3634394b2b56594a436479754348484255396a36563978645230365638702f467a773850442f78447532686a3257312b6f7649674f6d53634f503841766f452f6a5864684b6e4a4f3363385372473650585067667270314c77652b6d79766d62544a664b415058796d2b5a50792b59666858714e664e5077523162374234382b786c7352616a624d6d4366346c2b5a662f5a682b4e665331526959636c566c55336549744646465946685252525141555555554146464646414252525251415568365574496141506c72786871577a347365494c6f6b457853474a43526e6f71722f6a546f764756306c75496c7437635335487a6a4f332f414c35396665736e576862336e6a2f78464a64456252665459445362515348492f7032727150442f4149526b454b335555444f3867444937636846505447523139363932676b36616a4c5a4869593955314a796b7273667075702b4a3953754667737450736b6b635a444d68336655355038366f617a706d7373774f7436697a6a71493141326a2f414943434258576a516236316777466451787756516e4c482b70726e4e553075664f34694e6f41345351777a7049797365696e42344a7765764842394b33536f776b745672393535314756576433436e5a4c6432324e6e777634716a30327773374f4b3261523758724d42675a4a4a4f527a3634363131783852572b74366e4235634d3774486e7934556a4c734750566d493448742f38415872793243614a4a305466746955664d597a6a6a2b366e702f766454313971374e4e57316d31685331302b7769733041486c322f6d6f6b6a656e794674784a39786b3177347242555a5865312f4f33356e7334624834684f30567a6371375873766b5a336957377437792f44525150453667695632586157394d6a746a33727a4b377652702f694d616841634732756c6d584866597750394b394c31532b4e77704772583677334d4a47376262764c396e4a364c49773447653638316a367a70476e5766686e55724d5132386436355366646b7353562b624b4f663457553841592f5775664334576c536e4c32637562537a5862553962465a6a694b7548685472776356653666522f4a37483064617a783364704464524e756a6d525a455071434d6a2b6465502f414c51756c65626f4f6b6173692f50613354517366396d52652f346f507a72717668447259316a346657556276756e73536253546e6e3566752f38416a70576f666a5662696634596169352f35597951796a50733448396135556e437062737a5064487a373451767a706669375137337446657837732b6862616630593139696a71612b496c6b6141704b76336f32446a3667676976746933667a72654b542b2b6762387858546a6c72466d5646364d6e6f6f6f72694e676f6f6f6f414b4b4b4b414369696967416f6f6f6f414b51395078706151397141506a72576f704c6a787672634d512b6439536e526563636d56674b395131727856653239726f566e704e774c4f4b65315153736b59387858442b57777952786a6161387931754b582f6850645a53494b5a56314b646c79514d6e7a535279667772724e566c533662515a7057426a6e6a4c755363594275477a6b2b6f354272727872616f5854366f3663717077713478526e464e57652b75703155454f744c3851663749747456764e5373343976326b7a4e7556455a547544646c497a674559504e633344724173504339374a70316a61577274657046764b6d56746f6a646879355049774d636363316f5063326c6e34366a6677704f30466844736535654e32386f4b503959546b38726a31366b3864717a34687059303572487972363556376e3751574f32446b4b5641783835364d6653764f6f3061395a76326176612b762f425057784f4c776d46697662744a5353307471375876644931626d36766248583959736e757072354c4b7a6135672b307172474f514968446a41474375346e6a30724773354c4757587776396d6350666937335862594a63735a31326b6e7678302f477571302b37766272563776556f644f6769764c6d46347a4f734c79344a58617551535267594763446e4831716177384d617064616e5a335636396b6673592f63785755415246632f774162674163392b6e4f4f316156634c57556c476638417746716332477a624253684b705456724c586f32374e625731563263303168714b6164713167594e3658747a484d4e526152524273566e4f347354333341343639526a50465a6e69526f58314e4159356e5347434f4a506c3671467743792b70786e385258712b7161667048686a525a645731474f494c6270387555425a32374b7671545867756f616e653373382b6f796c5561346b4c454b77336339686a6e4147425870344f6a5470536c4b4c62364868347a47346a484b4d5a52555574585a7656327438744f683233775931316448385a3357695379597439535439316e744b6779507a556b6655437653766a484f6966432f566c596a393735556135376b794c3072357161655332754c6535686b65475a534a45654e766d5567384850596974665750466d75654a5667693162557062754f41356a6a634b7168735933454b426b2b35713559523161696c46324956546b6a5a6e4f3349327774394458326c704f66374973733966733865662b2b5258786664677638693957344834313971326b586b326b455839794e5678394269733866704a4971687357614b4b4b3838334369696967416f6f6f6f414b4b4b4b41436969696741704430706151394b41506b6a7868463550784f31364e546a646579484f335055412f3172543072554d57304e6c6457746c4b7357355970356f664d614c4a4c45455a777779543250576f766968462f5a33785a314a6757554e4a464e3870352b5a467a543943534c3763686b3547656e6176596f303431594a535630635661764f6a65554a4e50757447647070746b6232482f414575614757457570534c496a68787a6c67714142694f4f446b2f537475313064476752626352573878494c50625162686a6e3552763536344f66384b6a4f6b36664a47626d7776354c5735436775597a777839776544564735317a78486f716b706561664b4163626e74686e386356626866534374356249383332736d2b61636c4c7a65722f4537465043554e37383030743267334231587a73374350544950555a474f3331706c2f71666854346632386a6752783345696765524578655751416b714d453841626a79656d61386f31583467654b62774e444a7162517839475732515266714f6631726d5037564b4d786c626537484a655535596e334a36316839566e39742f4939474e5736304e44786c34743148786666436538646265326a4a4676614b3343413979653765702f4b75616e432f5a7734594a4b4343716f4d62674f2f317161615747552b5a476f4c412f776e6f616f79797850412b4a48383075447377436f474f75346e50745730556f71794e49366b4e772b365463575a6d504c627575616e74687555762b483456554f533554676a494a3479636a3371304732526356766839334a6b5675694a644d747a662b49745074514d2b6465524a7837754258326a3372354a2b47566c2f6148784c304f497275564a7a4d662b414b572f6e697672595635574e6c7a544f69697252466f6f6f726a4e516f6f6f6f414b4b4b4b414369696967416f6f6f6f414b51353755744641487a4e38646254374e38513435787839707349337a377157582b6c637a706c3846454446674430626e70586f6e3751316b46757441767750764c4e415739775659667a61764b4e47756b747452733535563378785845637054412b594b344a485071426976577773327161736374574d584c336c64486f6c74717363555879334b3758626c673450515a2f7a394b306d6e744c355a456d7559793869486a7a564144425356362b704750384139645a6c3734327370336c6b7439506b6964727147636c6f30496b565643737244504751442f652b39327045385a615a694d5436624b757a5550746d2b445970414249574d4139764c3272796658363172566e556e466374302f6b6564395268375279766f2b687a6d702b574c686767783871377348504f4f61374c346157382f77426b31793874725733754a68354d4d5975417043354a4c5933635a77527858435831326237554a35392b50506c5a39306743415a4f65514f41507078585136523471732f4456693967796a55495a7055756b65327a484a484b70484233416a48793845633954336f78484e4b6b6f726651377153555a467634766162714d577236524c4a627743356d73575572615237557973685050344f4b7566454c775a6f326c6545394f673036356558556253497249566b447049462f3167595a2b56733769506f52584b2b4c5048647a34694673496f356262374f7369655a4a4e357a7968396877666c474d464166716173617638534a74563062554e4f58534949447143625a5a684b57594466756241774f702f6e584c474e5330556a6438743773345a51435177474d3834374436553656766b78546c483431424d666d49723048376b546d7665567a314834423663626e787666587a44354c4f7a49422f326e59442b516176704376495067427066326277727147704d767a58743373552f374559782f4d74587239654a586c7a5647647346614974464646596c42525252514155555555414646464641425252525141555555554165542f4832782b306542494c735a7a6158714d654f7a416f663569766e474e6a676359723761314454725456624b6179766f493769316d58624a46494d6868584a4434502b41782f7a4c38582f41482b6b2f77446971364b4e6632656a496e446d506c316275596678666e532f61356a315948384b2b6f662b46516542502b6866682f372f41456e2f414d56522f77414b6738436639432f442f77422f5a5038413471756e363748735a2b7866632b5854637965744e4d7a6e7658314a2f77414b6638422f39432f442f77422f7050384134716a2f4149552f34442f36462b482f414c2f53662f465576726b65772f5a5075664c4f35674e756367303951716a47525831482f77414b6638436639432f442f77422f5a50384134716a2f4149552f34442f36462b4c2f414c2f53662f46553434324d646f6964467671664c7275717077526b31546b4f415432466656332f4141702f77482f304c38582f41482b6b2f774469714c6634542b434c61356a6d6a304333337873475864493744493969634769654f357567526f32366d68385039482f734c774c6f31675632794c624b3867782f472f7a4e6e3854585530675848536c727a32377535754646464649416f6f6f6f414b4b4b4b414369696967416f6f6f6f414b4b4b4b414369696967416f6f6f6f414b4b4b4b414369696967416f6f6f6f414b4b4b4b414369696967416f6f6f6f414b4b4b4b41502f32513d3d),
('77777', 'Bira', '9847', '2019-02-21', '12', 0x2f396a2f34414151536b5a4a5267414241514141415141424141442f327742444141674742676347425167484277634a4351674b4442514e4441734c44426b534577385548526f6648683061484277674a43346e49434973497877634b4463704c4441784e44513048796335505467795043347a4e444c2f3277424441516b4a4351774c4442674e44526779495277684d6a49794d6a49794d6a49794d6a49794d6a49794d6a49794d6a49794d6a49794d6a49794d6a49794d6a49794d6a49794d6a49794d6a49794d6a49794d6a49794d6a4c2f7741415243414330414c51444153494141684542417845422f38514148774141415155424151454241514541414141414141414141414543417751464267634943516f4c2f3851417452414141674544417749454177554642415141414146394151494441415152425249684d5545474531466842794a7846444b426b61454949304b78775256533066416b4d324a7967676b4b4668635947526f6c4a69636f4b536f304e5459334f446b3651305246526b644953557054564656575631685a576d4e6b5a575a6e61476c7163335231646e643465587144684957476834694a69704b546c4a57576c35695a6d714b6a704b576d7036697071724b7a744c57327437693575734c44784d584778386a4a79744c54314e585731396a5a32754869342b546c3575666f3665727838765030396662332b506e362f38514148774541417745424151454241514542415141414141414141414543417751464267634943516f4c2f385141745245414167454342415144424163464241514141514a3341414543417845454253457842684a425551646863524d694d6f454946454b526f62484243534d7a55764156596e4c524368596b4e4f456c3852635947526f6d4a7967704b6a55324e7a67354f6b4e4552555a4853456c4b55315256566c64595756706a5a47566d5a326870616e4e3064585a3365486c36676f4f456859614869496d4b6b704f556c5a61586d4a6d616f714f6b7061616e714b6d7173724f3074626133754c6d367773504578636248794d6e4b3074505531646258324e6e613475506b3565626e364f6e7138765030396662332b506e362f396f4144414d4241414952417845415077446b34744a767041664c744a3332386e624778782b517261736643476f58556c6d584b785133494244387356397476556e327276744c733269655837484f464f664c573464636f546b357a3234786a492f4374613253783067526d366e564c706b66436e674848336d542f5a787a6e3663317879725866756d7271766f655a364a34666464656e6a315250394573437a335050446851546748304948355675365434636775745865364b512f5a626d4a3559747042574a6d4a7741505256786e507254395a625564516b76726532764c4e4a68392b4b5a4e6f6c516b4d47566a775151427a30702f687a7733716b31315a336d6f587251475657526f5475473349366468366356684b704b514f704a6c68744667307435703955746f2f4b747948754a31693372497055636f6f48414f4f63446a484e62687659624452496a42703476624d52685952456d38736847564b67413450504e4c66336b4f6d5152734e51694d736359564975424978417a38707a6b6b6a746a2b49566a796131656d4761474b316d303943414c647035514a6274386a436f46794176584a4830724e796132465a766338796e312f55784c47624e5a31743175476967456148355479646f4a5948706e70786d7571384b616c636139625838634b5177366d73794c4c63625347614c6c64724139314a424752375a72694a4e594d3839707373706e5747346b6b4a5467506e414f3048734d486e506575362b46736d6c58656f617871456b7277334b797834334e6856423359446a6f546c6750783472314b2f4a374a727459685161314f7230725332746c74376d366a387957334c32307242585153466a77347a38724663446b48414761787648486954562f4464316152324d554d647349555672693668444365624a4a56573644414936342f53756c62784645743164614b375975786247366a655663527875415267657547357766556a6d7133687950554c2f4146466271396a736870435267777132325752337a79354a7a73494a795059313531506c6a4a5856305075637a34576d3148784d62697a756f4a495a4c65524c676a4733666b644433395430787a394b362b613657425345746d386d31524352472b454950474f42787a3271485672532f6d316d585564436e6a744c695a634d4c6b59467a676251456274783371724646665251504e6365553135626f426351764f504a6c56384b534f774f654d747a78317763316c506c357664566b4e584b642f414c2b77754c7579746a4871456b627a5152546b4d4e3449797862675941413437565274596647556e6d7471576f506157447737704a3762594d454b537137534d3542497a585661624a702b7157747059464674626d43456d4d464d7368584374315050634838616272646c71393565322b6e6d36746f644f614d47566b58624a49422f4344305548304850763078704370794b36532b346c712b685375725335754c437968677659482f64677a2b5734416d6b59444a4250544142493954584e65505a4c5477316f326e36534c4732765875637a4761635a666a4741426b386b39686e7078317a576a726e6879346e7464565854326b736b6d69327048444d45383044493237636e7150583046596e784576644f303758664430724a496a5157736b576676466c47304141657563383170685646314535446575694f61732f476d705831395a32313564764a4358556f7530664e377275586d75382f737949577a333968424c4c504b355735683335797553477751414d2f543034727a4851626d776e315053726136566c514d696e6570586b4e6b594a2b6c6576616c716169305a4c4f36454d726e7a414742473063446f42334f63666e576d4e5559754c696755576a6b4966436b6439652f614c4a6f704e4e336c637a53464d4544356b4a39527a6b394f4b62622b41627a55504f657a75375357464f46644879724e2f6442484834313348683636756271796d676e74667373346d38785156495668496368786e7143632f6961774a333853783678636632556d6c5157526c386c485559416a34334667506c344f6565446e36316d71736b57716b7570794e333453316931415a72526e5539664c4962623139506f6177785a5347594b784341384174303971395451617261367a486176464e71466d36734c7279564367627341536a6e4937642f35315758547037515863462f5a4a633232533064794741654d743249366a466251724e7256443532335938322b775862387061794d4f684f3039614b376c6f4c6944435233486c4c6a4958622b744661383737476e766e6f734d5370434942637149467835614b76334f76417a6e6a6e70545a4e50676b6a386b7a6a79696477514b76423738347a672b6e53764b492f453978457064596f7335786a50394b6b683858366d3836493752474d6e6b4253442b656164346467564f534f373162772f6258304a46707155647265715033552b385a693953423147527878696e2b472f444e3370566e4a446536734c2b566e4c463342634545446a4435394b343266785263744875486b726e6771716a7032796574514c3476314270632f624445765a4277672f4b737663657469335464395475727651336a6d75645173345250725471592f74456f344d52557155786e436e6b633839425762426f757461465961645a3239705a3668623238686c6c65344b704943546e434441326b634145483372496c385858567645306b63714f3759364867566933586972574c376548315231554c304731667736556e4744524b6f75356958537333694b466f344248455564796f35436b6c766c483034466248676654745a652b6d75644f67696b6a6c51517a6951344859386a384f4d63354e5a6a457666516b3834697251304c5835744a38324f4e564b73517879534f635937556e57352b614c5735366d4b79794e4b6b70786b3944753947305078545a587731426275465856493447685037794f534d5346704e32656a386e446338396657726437612b4c7261396a6b306d7a683875476376476b6b794b6a4a6a6e634176556b6e706a4848577562693864332b66336177412f375259352b764e5859504731334f2b79343868635a77565a76366b30755348553876324c4f6b76744c31765732536139736f626434415774346863655a4747326b5a59674138354853736b65487461744e4b6c2b7a5730647671696a79306d6a756e6b6a6c516b6c67775963597a782b58536d2f384a664d634b7a347a36444f6631347056385333484a61376344726e614f4b6e32564e766358736d75686c702f77414a576d7157656f5879504a4c61426f2f4c696a51735663594f356879324d444830373130566e646137716c334e63587473747648744b78573771485862786e646e76783759717176694e73482f41457432487156776679716863654d6f7732544c6379592f684f467766576e374744576a463750794e7049356a356875624753475353594d504c51626b344244652f4f656e74586e586a66544a4465577478644d5a4838755941794b77505a7541535641796634654f764a72646d38646f76525a3262474f5a4e76394b35716658503759763548614971734d624141755750505872394b6359716b2b666363614b765978394b736d7537797774324f316d525170786e445a2b55382b68785870397a6f326f366c46436c39733371554d7374733552795641433765506c365a37354e63563578696a696c4147556a4a48766731616738557a4b6d316f6f794d6633322f6e5671617252584d74693530564636616e5432317234376b7649313143617a754c574d5952316a327575507534414139736a50617273567063324e764e61773235535757627a3572694b456c6e5934507a41354744675678722b4b3567534567554441782b385939507870773857585a5a524e6b6f4f6d783247503170716e426245716e626f647573447a573651465742694741374b336d4673357953547a394f4b4a494c6a617979434b54626e59534e68556e304a4f6356784a3855544f47477832556b7479514b72763468755751375934515057513773304f464d505a33364737436e694454596c746265474b534650754e4a654a6e48355556796b6d7458374f535a4966384176675555765a77376a396d2b78672f612f6d487a48482b35316f4e3345434d6e483459726f50735a794e305259487570362f674b63746d766d5a7732527a7a324e5237564856374a397a6e3176747034625031576e48554e77354949397857334a47774f346d554b65507664654b526b566874444d71394d5a4e563752452b7a6c334d4d616c737943366a384b717a3336532f4b48556b6e6a4664424a41676a7a6c6a7a6e6b63316d58775152486a70774f4b616b6d456162356b6d646c5a65465a35776c7a6d5239304a356a4b3455676443447954776679726a4c396d303355354c655667724b4231342f537567735045656f78334254654373514f334734594f427a77514d316a79584d7570616e63334d7a667648323769764859316e4379647a32386335796f4e65685658556f756373682b70715264556742794751483261744551794141463247657a63437049345372676e425070334661633054777553526e2f77427445342f66636a6748634352532f77427550674437532b42327a5769746e47526b593635394f6144624b546759475479414b6e6d695679534d30363478365844666e56655455392f506d382b7561326649434d4e6f357a3134474b633062456e444e2b48464e53534536636e314f636655517a466a494437453163304547366538387464784b5a344e57377457324d515353616c384c3367302f554a726e424f314e3335486f635570744f4a564b6d6e55536b3943316451797861616a6c5559655577596f344f4f54584f7836684742675972754e57317133764e454550325746475a4738746f303237563534726e493759736d56522b6f7a78317161584c4647324b7078557663656e332f6b5a7076307a332f4b6b4e366f586f2f50714457757467353671786f2f7338344a4754394b30356f6e5079544d6358366b4e745450353855687663344f7738447370504e61347364704f464f6147745055456531506d69487335474b3132724e6e793235396a525770396d582f4147714b4f5a43354a647a574d3672674d774a7a3641314a4435624f465639766f4d6756576d584d51507941447151773471504337526c75665775644b364f6c376d6938635567412b584f442f454d35483431437473783645444f4d595963476f64386d5632794461652b34594e4c766b68326e6550623571456d4768626d74794977464849485870584f616e47566a497970793448336754317264653742556c67443234505839613533574a6835616f6971704d71383536632f5531564b4d6d37436c4f4d4c5466516e74417075626830424943746b6e74544e4c35757073734279764a5031717270706e4b333173377573304b7343447a79502f414e564d30655a35627136337170326c634569743534655559335a72504d3656655073306d6d64576b4d5a79647878324f65442f414a2b74506d55426368733450417a6a2b645649415a56624a2b5a5238724d324150725571467470516e38635946637954526a644d6d6a386c564a4c4b33546a4653675758336f7a4c366b47714156746d53666d396532615646624f51767a456a6437554f506d4f4d697849385a494d5942357a68694b587a42676c6f63416e696f6a7432737246564947515736556a62563543727a31776554537350715672325142547455656871685a4d6f4e7a6a672b55655078717865794b51634b515230353656677a366b6261354b4a447534424a4a344754564b446b72497a6e4a4c566e54334b676154626e62676c5a4d353963314c4343304b4e75774e6f34786e504831726e377658486b69695952416f4649344a474b33624a2f4d736f5738736b4d69384538644b7232633661584d52546e4762646959676a75543952556b4d62797164674c4252794175515437344e4d413535544a482b312f384158705675586a62354967767476786e39616c334e6b684a72526f786c787965323741465670596e584c4243324f77626e395269706d75486c49597170624f66762f7744313665736f43454861426a6e424835386d6a5644736d564341754130624b63656f35392b74465843532f7741325662332b57696a6d46796b5243755468324142366865763656486a355268585031465759315978623059625634565165744973545039374950666e7055706c4d694a506c6a35337a6e376f464934426a7a7566493577796a4e576c7469794b475a736465654454586845434f4f2b4d2f657a527a4374314d79624158494c633963714257584d6b6c78645152513873483334627067636d745335553753357a6a743171726f306979334d3878614e4e3256387952734c47696a356d4a37446e386359727577734f61642b78785975664c43336351334e776c78357a762b386a2b56647733636468394b6f366177532b754f672b56656e74577a5a7957326f336f6531456e6b6c74696562797a67635a506f5436565176764a7376456d496d7a475a57694a2f6c2b746456614c6c426e44516b6f31456153636338357832725373375a6e5670476b534b414835354a435353657741484a5073503071676945734d676765762b4661385530567242594f38456338614f386a7875666c63627345452f52613869704b79506f3842515661706153765a58476c74506a2f355a58552b4f37534c47507941592f72516c335a62502b51617935394c70732f714d6670585636706f4674716369783658613256677137427565567430306a78682f4c41783246557244773163573976655354665a356a4a5973556952747a717a4257516b59345058703656446a4f3536314f74676c432f4c5a3975763461474474734a67416b6b39732f627a674854502b386f42483547732b396a6b747054464a674d434d3449494949344950635675542b484c794351715a6264734c4d64794d53435973627830392b4b794c3538326c6d324f646a4a6b4873474f503530516372325a6c6a6147486c5364536a304d53357763677370422b6e4e557243534e4e557548654e486a574d426c6b48796e5047434f2b526e697246302b7858633859556b314a3465745970624a70376d55527875576d6d6b595a456359343359366e727742314a417230734e473872396a35624653744733636a6d68576132654157776a514d53766c4443726e5041353472523075614e744a746d79503957466249376a6a465a633836783665476a4a4335556a317832702b6b7a375a703764543875524b6d4f7762722b746159694b6c5454374765466e797a61376d367a634534555a3742516356574f5431494a506f6f71552f6435636e7430714d42742b53535152303477445844464937354e697867686c41424f66544171306b5a614d2f4b4e3639536364763656554a43754370475236316165375a49774579546a6f332f7743716c4a64686f644c4b46664756586a304646566d6e4c4e6e352f7741364b4f56427a4d32796959504b48497751514f6146743432557273474747434d3534465577795273536a747537314e486375736d376563487257466932795951664f434e78436e2b495a7a2b6c5158546f7266366c7944312b54424836564c397035424a495944414a506171563365454e744c534d434f6e62483170714f6f6e4a6d6666624937535758793334556e3568584a69356b6a3070626443524c634d4332427955424a362b376679466442717379505954675a516843426735794b786f4c645a7056333549534537526e41344761377145343030327a6e6e683675496b6c41316445694e70614f7a7a69496f356c55413834484f50307858503668645362306c4a4a506d377a6e31363130636353707030716b63506a4a3731792b71514f45557238777a6d756c5636636f74474e544c713948336d7272794f3345706b4159626d42354a504177617673544c706c7449446b4179526e3635334439442b6c59746d64304d4c4f68326c41426b39654b324c4735654979717178756a5944787944636a632f7a48714d47764a7152757248735a66694651714b55746a75596454307037794b6154555959767373384e77415154356745415171754f2b3459716a467239765936374a7146764b6a46644d574e413263475141664a3965434b35747074506134565a494c6d426d48534e773639636447415036314931765949433750656c543043786f50313347706335396a306f5573487133507061326d783145742f6f717853693331494b496c75784768526d4c2b61415268765935427a337268645232726257556264664c5a7a6b66336d342f5141316f7733466f723468737057502f5053346265422f7741415541666e6d7376554c68357231326b6c6e64324f347475485048302f536e467479757a6e7845364e4f6d34553233667662313665724f623161586261536b4e6e4f42307833716d31384730537a746c494d6b725a63442b3475416f492b705931623164445062736764747a53667848696a544e4657524a705a5a68755346566a437278754a55632f686e394b376156574d46717a35367442796c6f6873735478364c4558343556534d394f442f68536159352f74573342364f6a526e384f52577664364e6e536b506d6a646b444f50382f774354575a62576b6c746557373556747377364432725a3171637162535a6c54707a6a4e4e6f365059437546493437386e696e65586a6746527a6a7655686b6b45594a6a664a4f4d42522f68534c4c4c357832726b5a7a7a67455677335a36584b49596c7a7965766168305655427831485564616e6e6e6b553852455a504f5755557956704a454733702f76675575594f5572655675352b58396638614b7341756f7838332f66596f71755a6b3867395a453359336a474d637255674b357a2b57425763504b626f482f6c543132484b674e2b4a786d73724768666155425479526b594e5a382f4a4741546e394b6d545937414f3452636465764e565a5a64707946556b64546b315354524c61324d33565177734a695662376f476533577145426a695a707051536970674b44793549344839617436744f386c6d363447475964423731566b54796e433346744b59316933443553506d50716670697436636562526b7972756a54636f3737485250396f68385051587435706d323075485a4933534172774d6371336671657670584b366f706a62626b4d76565748516a484272316a587646576a616e344f7562414b7177425638694b504b724351796746526e334a2f4f764a395338736f6f696b4d6b63627447726e2b4a656f50366d726e464f504d6c596a423471664d34546c644d367654375a7270375333794633374548746e417a5739486f6b6355796b476261383063555a4c6f63376a31774f6f36395078726d4c6157534e6f336a5a6c5a63465739434f6872554f745844454d567479564959667576756b656e7058505974747330727a54724f545549594e38336d4d47497779674b464753704a347a75794d394b68767251726132686a4d7057364f59393744484278673439386331566a76376935425152786d55443551457a6c6475434d64386b412f6e5567767275526f314d454c4c45776b52424677434d397654326f646c6f53756263303230464c4b386c456b733455544969644d7347326b5a487151782b6d4f616f5874684174726358554d7a4f456d5750444559414b35494a4863456763556a613564496f7a424649634b417a6f53547478676b35357874465a6b6d70532f5a5774316a694562486c647671323750313478394f4b6d795a61636c755957715a334c7a6e4c5665307834347257366b6e6b3252694a54753977793441486339654b6f616a3978654d48634f4d56593079335855627637464a49736349574a48636a4f77753644646a76675946564748504a4a6e50566e79335a7279584e7263574d534930306275636f4a674d536475434f6e512f6c57504a6b537863482f576a69752b38636144704d6e683677476c7044615457306957796b427633366e507a4d633848494a3535354e634173706e4e744e3164704147782f654277663866787253564f4d557051324d716453556e79794e654e32654e427334427a7a6d6e4f6e37336538514a39685434343349776f4947515469695643695a5679636e6f4b79767164316873357a6749716a313470584d794c6c495678676368426b2f6a55544f356a525759354c63354f514b74724f66495a4747477831417a5139454e616c54356a79774f652f774174464b775042786e497a6e464656636b6267456371414454734b7655444e496f35487a636e6a4e5451736a542b5571354a2f69724e334c56687553796a4b664c3631413451446b632b6d616e6c646c79437839367153536348427833716f71354c646968716646754f4d447a462f6e56697830505670576b7559627849682f645352766c4f454f50546f343471707162626f5541504a636631717a702b76334369366b67687434315861473879516e4a6259442b4232413131306c6f7a67784c31527354366671637a6d30745037507570346f6d65522f49436b675365586737686a4f37384d4872584a366b74784578743732306a6759727651724474336534493450483836366578316962537473766b70506949526e794a38465276443768366d736e586458673147797337654f52326b696b59734a453273423563614470776551334e584e4c6c5a6a5262553031334c72517247422b3842794d6b564b49384643515754756f366d6f67576c637132355267347256756d686a74304d6248654679426a7658467330656a756d5a2b6e455064537147594f496d4b62536557343950716136694746496467467448356937694855484c4c35716f75546e6b6c5178507331636c457579635378753062676768676347744b432b75416b6147366c3278354371484f41447878567961534a696d32524d6b6e6c73754477646f35716d7975717343546e72394b30354a4e7159546163394f445762637449356235653354474b786974545a76517974524f31464c64416334497a324e51365a6377546d356b65796c336d50695733597166764c67344f5236644b6c315643746d51656368762f4145453131476b61375952704d5a37324354796938794d4354775a5947583841457878673131556b6a687274334d61396c6a665456535a395375666d442b55366841427951536565374e3039617a7253376959704848627045493556645635596e314a4a50303472716448385251787733456c78655268354c6146454d7a755275424a323863674450355651316655494c397241527a51794d6a4e754d624534424d654d35396766787a57733075526d4e4e766d526f3238696d4e53364b5275353436554f79474d4e74774430414742534b71787635495a734d4f4e6d6561686c4a6156682f45427a6e726d75433270363139437566384157726b48687335717a6354426c32524b51545357714d785a536e715178474b69664f3749427a6e6d7165724574434d687763656166796f6f4b795a507942766569712b5a4e2f496d57434e427547547a6b626a557475596b6c456a4d7134394d31585947614c43394d396c365647456446432f4e2b49785538726655584f69785038356371696c6335354a716b38594c375341422f76476e494a6362567a36394b7273736866507a35487469716a477845706f706169715a6856546e4d6d4d386e6a423756427039714c654b366161355742764d5251416d39385a622b48746e413634704e553349494f57424d6d663071377038472f534c6d6241437a544a3834504b7546504f4f2b442f364636347a30303362513571384c78397038697a656d47653252494a6c4d6f7975793568574e6d2b6a446f66596d755a38755662346952574444437475485137687761363239533575424362323546776f334f674f572b6334414a79423876544939756c6339635074754c6144356a75645343352b5a5633664b443638666c6d744b6a7447786a68344f557272707162797a4548686367385536535a6e487a675949774d48705455582b484f3434364869695656564d4b506d343439713562616e5a636a4d75317776626e4847617557307055626a7953414d2f537378782b385538716432507772515a4878685734505441356f6b6b4f444c4538374f565945344871617253715a51337a642b6c49797568425938656d63635565627347306a4f5436316e797462476e4d6e755a47703776494b6b485050386a5648527035456a75496c5279475251646b595a683879396a3634785679396c456a71324f413241416636315a736d6c53472f46752f6b6a796c645248777a444b73537a64535479427a314234726f7050577878313164334c46346c7a446f346165327559314c44444e624b4239447a5752706a2f774445785679426a6370504848336857794c693065305750544a37354a48634f2b39313551444a2b702b76484e55776473595a3051534e4c79305932686744674572307a31394f3961314e49574d615773726e56535452764e35693447443177445657655579536b736663454472554d446b6c79583744417a30714f57584f46336532633572686a4455394f5539437a61792f4f5341546b455a592f4b4b707351636b6f536335354e4e51674d33596a7636314972464963452f653648702f537235624d584f4b716f79355a4f663936696e5276487347374448756355557242636b4b6241666c342f3636304f694e755a6775414f63795a706a544663737937526e6e676d6f547163456246576e416230354a6f535a6d326835564150764b6659534531556445786e6a727a796155366e62796c64737735396a2b7670564734315a53705a566b635a35774d6366317a5769697a4e795256315841613341326e356a307a365663306d5a59644c77385a64577565567a676a35656f502f3173566b58563339716c6978787479667a78586f2b6d615859707038534e62514d725075516d4d46742b4e724b636e31787a2b4e4e706e62686e446b744e58544d53397537534f324169686d5a6c54415754594635502b794d6b65334876584b73375336786275354c4d30716b6e313572314c554e48303653796a6b61786a7751706e5a43796d46516f33386a754e7248334c65396557367a436c7471617243584337493546387a7175355132446a307a552b3833717a6563614e4f6c4a5534324f6f6a4373796a4f346a5048536d6e5943666e344278672b7463704650634b78557a737759376c594842474f2f313539615a49386a4c754d7253636c2b7649794d43744f5138666e4f6e556f7335334f43584f467765395853774234783639656c63727038445856386c736b6a52733235316c414c593271577a6a754f50727a586457316c6258454a6862553756586c74534c566f51763735666c5a6d797a5a4439567763635a724f6f31453067334979476c4d694861704777414d7a4e6c534f636339767053783656653364743573455a6c436b627772594b5a364535725758574e47306d59786562647675334e634e65572b317362666c7878786b6c654f677857376352527a626a4c45376f517534414251772b556e6a50492b626a722b56597971536a304e597854366e416131706f302b42466151752f6e4653516d414d447031393658546c38324d716f486d41444753426b5a3447543379546a7031366a6974487857796d7a52524c76435841564979526d4a63486a41366a714d2f374971766f576c543668444b30653041465931334b78334f636b446748485471654f52517079757064535a526937726f57573036364f6e356b686b5241517a764a487358714d456e417a2f343854376461793546457431444567594b585246414850337654314f632f6a58587a614c4e2f5a7355517534664b6666746b4b734141677954363951522b46636c4c464a42716177793457534f5a5662766768674b75565755397a4f4e4f4d646a5a6d734c75795359795245464341323565675038414931556a387a7a554a48544177464750797264686d7649336b74373230693875514d30626f6d5233344f6550774e55376930686d6b575453324478342b53507a4f587836484858317a555171647a6f6b7578586145454e6a6344366251503531464d724646565337453834473369706947634d4732427831444d6330364733484d6a754679434f707839657461706b737072617a6e4a42596a503841656f725249434861724b773953545252635278383270537a6f68665a4557786e612b635a716e505035546773516432476659426c527a673450584e57576a644544474e677945676b415a34366e4865715265434e4d6343516a63576463416e4a7963642b7772705562484b32785a582b56697353375364704f4d594a3447665431714a7031456972386f6b47515344744737474f4d564b3647566f77704734783463686432526e4f667231485070554c7573626558486b766b6e676a716651392f77443633616d4a69514b7875697a68467879636658395457686133557a576c7358747949797a694f526a392f6b5a2f4b73714668424b7937647061504b672b745432647a4d79522b61784b782f4b464a2b364d3550366b6d72564f456c646a6a6971744c5344736448643330746d596e676b6c6959674864472b306a7236567a577158307435654e4f386e6d5444626c6d345041347a2b41713971476f523364766242567947586b6a747a786e396177355749766d436b446f65656e536c4b6a434b7645306550713149387339666b57566b77565a565a6933555a3449376e4e4b7a4162537974672f4b785534343976794e4f745969455a47425a69515548484939765448363032564a537a3452634d50546e623950582f436f4d54667a65577668323375424c44396b4e792f6c4b542b384c647a36625341632b33486574585364626a31466e736c745a59623135476b745a6f596c59776f41473262534f564258634f6541506575626773456d764c697a6e6c665a4172434656554e356a35776f4250796a4f5353543078576c6152335358515335766d744a494e6b434d726c69596a75474d726e6f434233787a394b776c464e4e4d316a4a33545136533876627a57724f38757049627357636b636363724a745571574a47346e3279636e74394b3675314d513148556f72715a6473556e6e70626f3235566942422b556441446e4f4232783078564561585072535358756f32312f6279527a684a4c7055473256674e7178714f4d7357424a505156426f656858736570504c64336b635538636973566b426b4154676c67794134627341666573616e4b343262324e36664d6e644970617a70396c59326253577253627070304a516a68506c626a506672566e7735725930745a66756b6a393747664d323757326c4f6655596270366756572b494e764a626f7362376c626551426b2f76426b747577665967413936347a543232506a7938677268732f6e56306154714a53624d3630314354535236314c346d74547061695332695a56334b6757357874336a35753350552f6e375679643364746433306c7a6853386b753868573479577a6973366161312f73615165577535436f3342752f482b4e5a316f555734586164704c4b426e6b486b563050433871767a474d613933617836424d392f504b435775766d477734555a59714e786235633768794f652b66595674576431627978675a6c6964497873444b323350646943426a30423437315367476f49766d536b547941733633454b62677749775346505467593941665770394d30795345784d544d454d51456a4e41584c746a6f5144673435343535727a577a76524a4a617271434e4664685875584a324b7644496d334f4d357a6e6a504e59542b47345a5a674c612b7550496452754d6b682b556b34505066703036396136654332737271326a6b7477772b556833516b62434d2f773963382b70782b6c50654b5552526844497369676257436a623179546a48586f4d4833707154577a427876756a6847304b366a6c6b53505670305257776f41445a47427a6e46466454663231764a64466c6857544947356d696b666e767976482f3138305670375358636a32535050556956524b71376c454f64754750503139617a556e61667a46634c3935446e4850512b762b364b4b4b39426e455862342b5470537970772b4f704a3954555967533656576b794e34664958674448544646464a6a4d4b3658797044744a36647a56753475586a30765432554b475a5a464a78795147342f6e5252565233524832582f5855707833637177736f323441494848537134646d666554383265744646557a4e473361784c4e654b4a647a6a79764d35593966384143726b78784d55414730526e4848546b5555566d6252324b356d6561443934636a492b586f4f72656e304658485662537a547955554e765a392b506d3441774d2b6e6648725252536c75696f395364645176344c75316e6a76376c57337467655953426c6563412f37782f4f765139447456307a514c50554933656161644a4859546e656f4b7375414236636d696975537638414364464834686e697130693162777a356b344b7373757853682b36752f6f4d357750705869766e7647344b344233656c4646586866684d7354755447376c67383071516433796b4d4d6a47616459534f3939426c6a383071357839525252585a4c59776875652b44543764744c6c736c566b4c32357a4f474a6c48796c754363392f6173727771386d715763637431493750625349716b48473764795333716533306f6f727976736e6f72346a536b733437625572534f4670454534615679726b48634732385939523137314f6c6e464a724e374b2b35697371524b4365464842794236386b5a394b4b4b6e6f56314a703766793553697979594854702f6852525254412f396b3d);
INSERT INTO `sts_urunler` (`urun_id`, `urun_ad`, `urun_adet`, `urun_tarih`, `urun_fiyat`, `urun_goruntu`) VALUES
('5555555', 'Peynir', '7', '2019-02-21', '20', 0x2f396a2f34414151536b5a4a5267414241514141415141424141442f327742444141674742676347425167484277634a4351674b4442514e4441734c44426b534577385548526f6648683061484277674a43346e49434973497877634b4463704c4441784e44513048796335505467795043347a4e444c2f3277424441516b4a4351774c4442674e44526779495277684d6a49794d6a49794d6a49794d6a49794d6a49794d6a49794d6a49794d6a49794d6a49794d6a49794d6a49794d6a49794d6a49794d6a49794d6a49794d6a49794d6a4c2f7741415243414330414c51444153494141684542417845422f38514148774141415155424151454241514541414141414141414141414543417751464267634943516f4c2f3851417452414141674544417749454177554642415141414146394151494441415152425249684d5545474531466842794a7846444b426b61454949304b78775256533066416b4d324a7967676b4b4668635947526f6c4a69636f4b536f304e5459334f446b3651305246526b644953557054564656575631685a576d4e6b5a575a6e61476c7163335231646e643465587144684957476834694a69704b546c4a57576c35695a6d714b6a704b576d7036697071724b7a744c57327437693575734c44784d584778386a4a79744c54314e585731396a5a32754869342b546c3575666f3665727838765030396662332b506e362f38514148774541417745424151454241514542415141414141414141414543417751464267634943516f4c2f385141745245414167454342415144424163464241514141514a3341414543417845454253457842684a425551646863524d694d6f454946454b526f62484243534d7a55764156596e4c524368596b4e4f456c3852635947526f6d4a7967704b6a55324e7a67354f6b4e4552555a4853456c4b55315256566c64595756706a5a47566d5a326870616e4e3064585a3365486c36676f4f456859614869496d4b6b704f556c5a61586d4a6d616f714f6b7061616e714b6d7173724f3074626133754c6d367773504578636248794d6e4b3074505531646258324e6e613475506b3565626e364f6e7138765030396662332b506e362f396f4144414d424141495241784541507744334f6969696f474646464641425252525141555555554146464646414252525251415555685a52314e4e4d6f37416d6d412b696f544978366355776e50336a6e3630656f466b45486f6330565845614167375648766a4653683864656c476e5142394648555a464649416f6f6f6f414b4b4b4b414369696967416f6f6f6f414b4b51736f4f43777a365a70686c41364b542b6c4d4353696f544935365948345a70724d653755674a79774855696d6d5544707a55486d4c30427966515567387876756f66783471584f4b437a4a764d4a36553073653756536e314b3073762b50713668482b794779522b4135724c756647466c466b573045737839534e672f586e394b3270307174543449733536754b6f5576346b30763637472f384151452f70527a31344172694c6e786271457849694555432f374b376a2b5a707356764e7139736a766433557335557332585578706a73526b592b7078394b326e673530306e57646b2f6e2f58336e50444d59566d3151584d3133302f3450344863344838524a39756c4b47412b366f4663766f5069447a74747065762b383652796b3850374833392b39644c69756572526c536c615231304b384b384f61487a386d50335a4744794b694c7443634d535550512b6c4f464c314242775236566931324e69524878794f51616d42794d6971507a5735794d7445656f2f75315952386a6370794b754d72365063567245314649474444696c7067464646464142525252514247386d303756362b703756473350336d4a39733079597341376a73616f6d364445414d5361787131765a75785559334c3239453942394b5546322b37476365703471574b4e5551664b4d34354e53484e46355064685a464b65614b325864645855554939324172497566452b6c513545666d334c663749342f4d3169654b64486179756a64776a39784d657035324e33483050617561416b63484a632f5835522f6a587334624c714653436d3233632b6678656159696e55644e52556266502f4143523164783478756d794c573369684871337a482b677247756457314b2b756265435738634a4e4b735a5a6e3249675063343448707a3349716a484745412b55426a3177633132746f304f68784a597a364e4a506479784269794b722b635366756a5059642f5448754d394749705571464f314f4e705062763841696375466c694d6256616e4e387133376663744468376c394169534f56396175355a484466756263392b414d34584950553450394f64665174466257376d4b5333573767303851375a4875457735634868686e6737686a36454870585350424d5358747445733754617173386a52416b42736a673765434d41394f2f656c6c74725734517a3361435a68454937695254354b46686a4441746a6e675a3745487078586c4b633453356e4c55394e59476e744f3175316a4d3150772f70396e675261702b384743794f753741506635656c5a4e337064786151517a75466547595a526c362b344936676972456e69797874727935737247787a4c4a68466d487a4b4f4d5a5559422f486a6f443246564c45586b6d6e7777582f414a67386a3559504d75544b796a75636e474d2b2f6f4b302f7465705461696c7a666363303844686137616f365079322f457252715a5a5245674c4f33514253663556324f6b6176506172466161796a327866437754546b4c76505a6554796665716f5a6444746b756a655773627871575a4763634c337951547869755238532b4f3758575933736d74476c437438716b592b627075556a3777786e6e394b77786d5071563470327435622f41496e6f35626c457155727762623639456575596f78584965437454315765332b79337476504c624b75626537614d71647638416466506364694d3131324b353479556c64486f5467344f30747877394b675a54626e65764d6663656c533541354a785235674934424e4e71354935484444637071564744714746556362474a5534422f684654325262794347474d4f6344327252587471497330555555414646464641455a41724476594462584752397875562f77414b337363342f4b6f4c71334678417948673956506f6178784e4832734e4e31735643584b79445437727a453874694377366534712f754e633145375738777a77796e6d7568676d53654d4f76346a30726d7739586d584b393061546a62556a7537574b3974704c65646430626a4248396672586d6d70325a3075396d745a78494754356b66614e73692b6f357231544659766954772f4672326e474638724d6e4d624b63482f647a36477536474a7230592f75705736397a7a4d64676f5969504e62336c7365627a5478515243576552496f6a78356a4d4d6670567948573963743769643750576f46676c41636d6638416567636677353644696f594e4274625866484a477a6e647948505432725174744b5756674c6179446e2f5a6a7a6a3861387a465a785772744a4e75336b6b65646873473657713066712f3841674762484a4847766c434b347670455079465a3257474d6e6b37647047656655386450656c4d4e3166366c76767477685a537a756a376d7a6e68526e762b6d50657573742f4456354b4235724a43766f546b2f6b4b31495044646e4667796c356a2f7448412f49566b6e69717632556c356e6f5277303561533237624c376a692f734b4e43317662423479667574474d7344362f576f744c3058576274326969744945614d6753535858796c76516c655361394b696a74725962495930543252656630714b534574644a5047504c6452676b2f78443049726f7732466e53753733624f326a4255315a6d432f676d472f614a74566e57515274755347336945614b665545354e61396e6f656b365951626179676a6364484b376d2f4d38316577352b3878503034464f564d644d443656334b6c314e4855657768636e6f702b7263556e4a372f676f7033796a71614e3437443836305555694c6a516837443865744b564135593068632b744d4c635651682b5678386f2f45314c626a39326639343155686c53346372433675516348616367666a5635454349466f6c3242616a714b4b4b675955555555415564577676374e7366745a58636b6272356737375363456a3838316156306c6a57524744497742566830495051315138517865643465766b786b2b55574834632f30726e2f41415a724f3554705677334b354d42506364537639522b4e64554b505051633437702f676355385371654a564b57306c7036366d33716c742f77417643446e6f2f77446a554f6e33586b796a4a2b55384774743044715177794477617870394e614e79596e4258304e65525877382f616530706e70516d72576b626f4949794b4b7a375765534f4949365a493442794f6c546d5a6a77502f41423066343130526a4a7256454e6f5a4a706c693979317a4a6252744933566d354835644b6e447871753142774f67556366345644686d4f54676637334e4f326a71784a2f476e476a46616f6d365777725345394d4c2b744d32735238784c6637334836436e62314854394b615a4432347256525343374842634472676533464756482f414e616f79633954556330385543623570456a583164735653516d3745356630464e4c4539545744642b4b744e7438694e6e6e622f706d4f507a4e596c313476765a6369336a6a6758312b383336386670585454776c6166533371636c5848554b653876754f335a3152537a4d416f366b6e41724b752f45656d327552352f6d7350345968752f5870584233463564586a6272696553512f37545a2f536f64684e6431504c5639746e6d5673365330676a70727a786e4a672f5a34556a582b2f49636e2f414172446e3171377677533930306935364b33792f6b4b762b4832302b7a6b612b767261536551456933554c7556535034694f7554324f4d59465766464d45456a325771523233325a376e7a456b5172745a6c58376a4d505847667a487057564b74536a58564f45644c3276314f6974546e5044536e4b7037365637644f396e35322f48547a4f673848526c64486a6339584c4e2b7550365630565a5868364c796448746c39496c2f586e2b746174634664337179666d6568686b3152676e32515555555669626852525251424265522b6459334566384166695a66304e65547875304d71537875556c55686c59486b4556362f6a50423647764c376a514c77464a6953694e356f685548473977634b446e36452f725870594b76476c546d356552345762346564577054635050384151372f5274565456744f5335474249506c6c51667774332f41413769725577535163536254586d33683357787031334863626a396d6e4157566651657631422f72586f5568444b4755676738676a76574f4a6f716e4f38666865783359444666574b56356645742f387856514b63744d44547a4941506c4761716a7256653531617873736934755931492f684279667946633669354f795232536b6f7137646a514c7333586a36556d61356137385a77726c62533261512f33704474483564617737727848716c336b6565596b50384144454e7636396136366541725433566a6871356e683666572f6f64376333747261446463584563512f7742707566797245752f47466c466b5738636b37657633562f586e394b346f376e59737a466d50556b3570646d426e476661753247585534367a647a7936326454656c4e572f45324c767858714d2b524779774b653059352f4d317a4637726962393073306b386835344f372f783438666c6d7472773770732b715838462f767468594a4f305953596276505a554c4568653672782b504a7266476d32452b6857554f704b73734c2f596c647a746a4549494c59347867456e622f414d437a584855786359753146575263614e6576446d71532f77416a7a2b7a31527232376a74344c4b346c6c6b4f46534b514d782f446269745342306d6a563062636a444b746a47526b6a6b64694343435062304e644465334d6476595847706f6c714e5673725357314b61616f4b78744a4a736a354854414848314e4c346338457979614c61766358486b6c6c4a49433769636e503841552f705477754d6e47702b386c37707a3173424f6135616573742b33396466754d50417052576a724f6a79364e644c4649346b52786d4e774d5a3965505773367663684f4d347155646a784b744f644f62684e57614f7130533262564e5069534b3653315733514c6346534e7a6b4d53704934347867673537597244315a3761532b387130754a626d4f504b6d6552732b5935366b663749364438616f465662714166714b733245666e616a62522f33705648363135395041527056585662756c716a324b326165336f716c474e705330627639396c352f6c6461376e70396c4835647371447467666b4d5659706b502b715833357039654733646e3169566c594b4b4b4b51776f6f6f6f414b3554576e6b764531434330332f6249484631614d79664c35735741796a314a4862304e6458584a334e7863522b49623354346769794668665730684a485246336f66584a5850343030306e5a39544774745a375051356e53764a6e75684e627248354639453772454f504c4841634838517834373132326b4b57385032574735574c626b6438456a2b6c637263364f624b575457394e6377784b7979434d446d4a33327365443235422f4846645234636379654862636b35494c67386637527272635a6577556e337439312f77424c486e3452386d49644b576a7333386d312b747a6c7645743365523669626358456769324b64716e41352b6c5941556d75683856702f77415467483169582b5a726d5073383871675353454b56327344317a31794d643831374f45696c52693075683465507174346963584c5a6b70654e4d5a596335782b48576f6c756c64304b636f5341526a4c63383534366634306f6133695659795335444848486469632f7144567741446f4150705852756345704b4f36475262764b5175506e787a39617532756d58476f52544e444849566a517557564363397550556a4f6364654b305044656a445662316d6d422b7a51344c342f69505a6139456a6a534b4e59343143496f7771714d4156352b4f7861676e536a753065706c6d57537846713833614e39504d3854625639563071505234744e30396f547079502b394365616b37754d4f32527751525642376678483467765a6a4d4c686e756d44534b2b5556694f42386736344854414e657a586365686d3945633846744a6553717a71694a6c354d5a7a30366e673848304e5a313563775465444c79357337513245633249307874526d426b43627371652f4f4f613852516250576c6c376c704b656e6235572f49792f43666752744d696154554a485a58496472664f46596a6f5748546a4a392f703072724c2f574c4c54666b6c64326c32466c686851753741416e6744325675754f6c63302b697a6166716257386e326d4c536c62375544626e62456a466958444574776f554b4d594f5157786a4e42744c62522f444c36747174784e396d745935514171596b614572355553383947326e383272546b6a4856733771564f4e47504c42574e4f4b2f4f72366f316d59594a725269376c706b354559574c415848636d544f543078307269395374525a616e6332796b6c5970436f7a366471303748784c617634546e753757324d4f7153426c78476a4d304b737756537a486f5346422b6f7a6971583261652f645a4336394d4f3748356d49502b656132776d5955364e586b657a5235655a3461574b6a483253764c66354d6f494665514958525366377872513850624a50455563507a4f30544d5379444b384c6b456e2b6c64446f2f673677574e626d35555376494e33722b5a2f77774b6b694d532b4c327372574645686773777a6c65697358774678323435714d566d4665704e4b6d3752665472353668684d6c56506c6e505753642f36324f6e51595252364155366969755939304b4b4b4b41436969696741726966457269487846617a6b6b4b565861344f436a676e4834455a42487658614d6343754c3854526965594977345a537463324c6d34552b64644c4756612f49334863316f69706b614b63497472657035544849787577416a442f414867667a7050433674486f3873442f414834626952472b76466335346631474f375333305055664f676d62506b37683938637371743944794d66544e64526f554d304d563473366248615863526e504f4e702f56632f6a586652724b644272302f794f574b5536734b713356302f7a2f5438546d6646775039714a6a7159522f4d317a4b576d477a4a4b3734365a376634313150693859314f482f414b342f2b7a477566723644434b39434a38726d4d6e4846564575347a7959386737426b484e58644f735a6453766f375748686e504c486f6f376b31567256306658625851435a706f6d6c6e7548574b4e51635958717a5a2f4c3631574a7265787075585870366d47467078713156476f2f64362b6e3961476a646661644631595731676272374662535762532b553641755a47594d4344793562436a4851444a70735770367665324436716c2b6674455478756c67465a55456d2f486c456c5279564a4733357551446e7057397276396e614c426565495874556c76593431434d354a352b36754230485871426e6b3168584878473069316d3038616e597a74644f6f64486a6a44434d4e786b456e497a67394b2b656e694933764c632b315470306e374e4f316c7435463065487962686f70745738744c556255614653485550487363632f4b474c4d573341452f4d4d3971754a4c4259515132646f736c7a62683155467633724e7477546a50414147304441343578575066367a70544c42504b37586a6e4d6a77776e614f5477704a78334a7a374436566e366a34786e654d576d6c772f59345477416e4d6a666a322f7a7a584a55786174712f754971313430744a6150385453316678723967767862544b697a787347387453666b4f4f4e787a313536666e584d2b49504674336336724662374a4c6c4a55583932696e79314935507378364773657a30476557372f30747874775a475a44757963394366583836364f4761775254736458644f444a793233746748702b56636b36734b732b5345723661396a6e6f4c45346874564e4675752f396649742b573079694c616f4d682b64514d6279654f63446e6a41717a4c444a70704d4d36474f51416b44735237657453326d712b483747796a755a376b43344435337358565635774153526a2f774458584b2b4d6647686e74722b317334704775626371466c7741696b6a4a326e755277507870776f517079353032394c61753536394f672b625137652f38535257554d635163524b71627565547455444a41394b7a2f41416c4c4863366e72476f51794d38556a5237647777564a4c45676a7236486e317279614b665574566131416a6b64784549336b354c535a4a504f6672327232627776625843616335755932576157525353793479716f7172783942576b4a756452655233597642516f3031506e75373748574932355161665449313271425436366a674369696967416f4e464e5930414d6b62414e637272712f78656c64484d3242574671612b5a47777053697052635873784e58566a6a6e535338564a45494e7a617a2f756d4236714750476137507762714358656951572b3656705959515761587163733366766a702b4663787061517736744c464f6473636f7976505276582b522f4f7571304b7a2b78366978582f5633467235692f58634d6a3879667a726c705533526b6f78322f722b766d5a6578554a383865706c2b4b5a62644e58746b6e546475674a7953514238337236317a456a784c497752737144776655567466454735533175724e6d354a69626176727a584e572b70326b31684f7251664f454f50377862747a32726f6a6a7358687079634e59366236706569756a774d66536f316137684b7966353646784665546473696b62614d6e43394b7839566776623634674f6e5173376f6d30746b4b71486b35796158534e633141544f3131454552654641493449783664667257744271736168464545307a733533434a66584a7a6d7562475a6e69366a536b6b375053336f4b6867364d58613775317239355873725338765962324c584c39345a43526b796e65546b354c4c3262703272586257644d30797a4e6e59326f6d6a5639336d334367744a387541577a6b6b67354936416344465a38397666616a50356b6f533251414b7135334541564c46706b55536e61704d6842416c6b354b6e314172696c6a3146644c2b52333035313478644f6c377176652f562f723869745a783358694c5562694f324b47553235754e2b647162764d387371546a676a444d514f546a337251743743433248433733505632366d6e57567374685977326b4c4d4934736b5934334d334c4d66556b386b314d776b324578784e4977364b6f366d7553745739744a51704a2f356d304b45453179725875594454476657626d4f386b7a6252722b37695a7471354278794f2f4850507257705a58756d7049336e655435614b5341707a6b3967414452622b457233556e6b6b7632574d752b34424275493766547058553658345173624c425341462f37372f4d662f72563764476b345155556b6a316d6f787376794f543147337666464674396a6a73696c677842496b3444594f526e323968576a59654159436f2b3148634f506b6a4730666e312f6c586551324563594846576c6a5665677256556c764c5550617974614f686a36666f4e725978685949456a412f756a2b746130634b786a67564c52576956746a4a7476566852525251415555555541465275616b714a36414b6b78724c7556334131717969714d306561414f4c31717a336f7735476534344972543846613950663356765a584f307a572f6e787533632f6449503431627672547a45504659336836772b78654e37573543343835576966363754696f6b74553058437a69347635663136466a3469365a4a6533466e4a453444527853445a744a4c63676a465964746f4e7046436f634f374541746c73632f6858622b4b78695732507333394b353276467a44465656566c5454736c2f6b65565677394a31584e78314b7961666149506c6754386561734b6f52634b416f39414b6b534a332b36704e587266535a5a534d67317930384c5872617061655a70436c2f4b6a4f414a4f4256694b7a6d6c5043342b74644661364771344c437457477769694843697652705a564661314866304e343056314f637464444c594c676e363173322b6b7878675a4172555646586f4b64587055364e4f6d7251566a56525332495937644548414653674155744661464252525251415555555541464646464142525252514155787854365169674373365a714234733971756c6162736f417a6d74743361715436633856776b385079794964796e4662346a70336c6a306f4135335649626a56504a3352434d78357a67357a6e482b4652572b6748494c43756f38746651556f41465a6577703837714e616b387176637a4c6653596f674d67566653424548436970614b314b4541785330555541464646464142525252514155555555414646464641425252525141555555554146464646414355555555414c52525251415555555541464646464142525252514155555555414646464641425252525141555555554146464646414252525251422f2f396b3d),
('4444', 'Makarna', '987', '2019-02-21', '5', 0x2f396a2f34414151536b5a4a5267414241514141415141424141442f327742444141674742676347425167484277634a4351674b4442514e4441734c44426b534577385548526f6648683061484277674a43346e49434973497877634b4463704c4441784e44513048796335505467795043347a4e444c2f3277424441516b4a4351774c4442674e44526779495277684d6a49794d6a49794d6a49794d6a49794d6a49794d6a49794d6a49794d6a49794d6a49794d6a49794d6a49794d6a49794d6a49794d6a49794d6a49794d6a49794d6a4c2f7741415243414330414c51444153494141684542417845422f38514148774141415155424151454241514541414141414141414141414543417751464267634943516f4c2f3851417452414141674544417749454177554642415141414146394151494441415152425249684d5545474531466842794a7846444b426b61454949304b78775256533066416b4d324a7967676b4b4668635947526f6c4a69636f4b536f304e5459334f446b3651305246526b644953557054564656575631685a576d4e6b5a575a6e61476c7163335231646e643465587144684957476834694a69704b546c4a57576c35695a6d714b6a704b576d7036697071724b7a744c57327437693575734c44784d584778386a4a79744c54314e585731396a5a32754869342b546c3575666f3665727838765030396662332b506e362f38514148774541417745424151454241514542415141414141414141414543417751464267634943516f4c2f385141745245414167454342415144424163464241514141514a3341414543417845454253457842684a425551646863524d694d6f454946454b526f62484243534d7a55764156596e4c524368596b4e4f456c3852635947526f6d4a7967704b6a55324e7a67354f6b4e4552555a4853456c4b55315256566c64595756706a5a47566d5a326870616e4e3064585a3365486c36676f4f456859614869496d4b6b704f556c5a61586d4a6d616f714f6b7061616e714b6d7173724f3074626133754c6d367773504578636248794d6e4b3074505531646258324e6e613475506b3565626e364f6e7138765030396662332b506e362f396f4144414d424141495241784541507744332b69696967417043775871514b576f4c6a6b6967435579494f7243675349656a43716e464a547342657950576a49716b4d646a547348312f4f6b42626f71715150373952382b702f4f6743395256486377376e38364e7a6633322f4f67433952564c633265575035304535363037415779366a71772f4f6b38364d667869716841707446674c6e6e782f33715553786e6f3155787a51445259433847423645476c7172476353413161704146464646414252525251415555555541466376347a31613630757868466f7753576469766d455a3241444f515057756f726a2f69494658524c6432485334417a365a422f77705059364d4c465372526a4a58567a7a672b4e646468755768754e516d654d4861324d416a33484658595046656f6c4345763558493479574f6177372b30383842312f3167396534724d496e735a3850473062447334344e594f6269374d2b7757456f56493652535a3355486a625637554d5a5a6c6c6a39586a425a665442342f57722f4150777371574f325a3273466c59446a61474850362f7a72437334724c58725755785254504e427a466263424a4548763350714d672b6c584c725274506a784e444c6237316a414162433777463371443645726c53657534413936626e4c6f655a557059586d355a773148792f465734597169366349572f694f64782f49347179767858674e747a7038676e48584a42552f725849336151334468566c6c6c737059476c6965586c376367453753335867344242363542726e574a4b4b2b3071534f616a32736c314f326e6c6d457172344c664e6e7648686e784e48346b67754a6f37646f56685a564735736c736a4f6661747a66586e58776f592f5a4e516a4b34414b4d442b59723054614d31305162635532664d342b6a476a694a55346249346e5876695662364472567a7073756c7a536d48474a466c41445a4150516a33724c6234735466326450666e536f6f3451664c67563569576b6b3434344851446b6e36566a664543776c752f4855734d61717147434f5235582b36693765574a394269754431612f533875456974675673376346494650556a757839325050354474584c5672535575564d2b68776d5759577253672b5856704e36762b7454744a66692f72387a6b5257316a457036595173522b4a4e4c4638572f454b452b5a4659795a3747496a483547754252646f35366d6c725032302b353763636f77616a7254523373507862385178796c7049624756442f435969755078427177337866316c6b594a5957434d65687735782b746564305a394b66745a39796e6c47426276374e487165682f4537584e5831797873525a324b4c4c4b71757756736863386e6c76544e657943766e76345957707576474e754e6d56543532506f464250366b4c5830494b366145705354636a354450614e47686946546f78736b68614b4b4b3250454369696967416f6f6f6f414b792f45467044656157365478713649797667394f442f4150587255724b38537a726265484c2b5a775371516b6e4857706e384c4c7033353162633466384173437875394f6b33517443365359597165534f6f41394b78395130753331766269345a536d53446a49526651652b613644543776356d6c5755534b38654344774842486633717043396f4c6e79564c50495a4e75334f4f527a30394258677a717536615a37564f7456684a7537756a447376444676617a46626d64356b3359777137562b76725774656162626551697752524a6b2f656a6a44456a324a3656507168676974586d6b4d7146572b3672594c6b39717078772f616271505972527771703836507a4e75446e6767653370533976557665356272314b6a35354d70586d6857736b2f6c766453525175676349414157492f7648322f53706d38493656456b63755a48326a356c642b487a6a4234725568734a4c2b2b383959693458355a416675714d39636e6a31706233556441746c6a57373132775234794d6f6a6d55386469464657703170713647735457646f77622b582f414a4e4f756f4e4b7547657774556a53552b5757555955343535717a4e3469614f42727472694f4a56487a4d7a664b677a3372416b3166526a50464b6e694c54544575546737314959393975336d755331397262575a424446346a307943306a4f596f4e6b324366377a4e7335623942565239752f64765a42547766747033714a727537502f496a38622b4e6a346875336873303871304f46643975476e78307a364b4f772f4f75546a54484a3631734c3454314e77587445683142422f465a544c4c2f343644752f537332534f5347526f35555a4855345a485567672b34505375697a577250717344546f55344b464a72542b7452684e413630476b6f4f2b3436696969675a366c38466b503971616d786a34386c63502b5053765a71386e2b4443373474516b41774556497a39637361395972766f723345666e4f64793573645035666b46464646616e6c4252525251415555555541465a7576774a633644665253454b6868596b6e6f4d4450507478576c5654553156744c753166376868634e786e6a6161543152554e4a4938746b6d75494c6d785154694d4751475178714348516a6b483037552b61306a67766e314257526e4b45706a4f433263644b383466786a71363354756a525352452f497373594a436a6f4d3961314e4e3861617871642f625745656c6164504e5049496f39386234424a396d36643638475643546c6f66557a7746654335726570364e59326a363436493861655a4379796269755248396665736e582f48576a65487047734e45736f4c2b35556b54547935324b7734782f74483663557a34672b4a2f7743774c465044656c4f71584d6b5961376e6a34494248516568623942586d2b6a65483956312b5634394d736e754447415849494372365a4a3446644d4b53683771315938426c384b735072474a646f644665337a6636485457393334722b49313539676a6e574b7a54426b574a664c676948717748336a36446e4e6132712b4476426e684f3252645a314b2b7562743179734e7556566d39776f427750636d7539384e614d2f686277656c7442626564664c455a5a55556a4d7378485450543048304665574a3465313236386177542b49394c75726a7a582b3058456352456a4749484841422b3643514d656c64556f6371537464734b4f4b6a57717a6a536e374f6c446f724a794f573152644f467947307557366133595a43334b414f6e746b4844665869756e307a3462616c713368615057626135695635465a30747046494c4b4363454e3035783346644434753166542f466c39707668545237526c6b2b30714a4a576738727951415156436b4138444a5030727266477572512b4666425569577549334d5974625666546a476677475453564f50764e36704739624e4d516f5571644e4f4d355072727030766f742f7742443538566d53514d704b757079474277516672585172346e572f6857323851325931464647314c6f4e737559783750384178443262503172734c76346236506f2f676d625564527670667479322f6d4c4948416a336b5a564175506d7a307279374f617a616c543050576f3173506a30334666433758322b356d31652b486e2b794e71476b7a66326a7034355a3058457350744c483158366a49393678616d737236353036386a75724f34654334513556343277522f695061756731797a67315052596645316a436b496554794c2b336a4746696d366831485a58484f4f787057545630617871546f7a554b72756e6f6e35396e2f414a6e4d30744d7a547831414a7837347154737565302f4257504768616c4a6a373130462f4a522f6a58703965632f4236466f6644643270596c577574366e474f43692f3456364e586f557667522b613571314c4731477534555555566f656546464646414252525251415658766757736267415a7a45772f5131597072714751716568474b427032647a3544786852394b37583456577958506a6d426e476649686b6b48317746482f6f56636865516d33764a34573678794d702f416d75782b47535839703475744c754f77755a4c575257686b6c574a6971686877536359786b43764f70723330666f7559537667353265364f633852587a366a346b314b376b4a4a6b75587837414841483541563250776f754e576e317a3744625854786162466d357555565238353455416e4765546a384161354c785270373656346f314b306c474e6b374d7565367364796e386a58726e77393071487776344e6b315455475742376f66614a57666a5a474238672f4c4a2f47717052665072304f4c4d71394f4758526a4658356b6b6c2b704638525048463734637537537830703468634d706b6d4d69427746364b4d65765531652b48634e3965366450346931615579336d6f45424749774568556e414137416e4a2f4b76462f456573507232765875704e6b435a7a7355395651634b50797232727850724d57676644684a745049437932385676624d7651426c77442b5761754537747a6651383346344a554d4e526f516a373839332b6e396469487770424472666a4c572f46496a486b712f324f31622b397441447638416f425433686a385666454b574f614a4a394c30574578756b69686b6b6e6b484977657542542f44326f326d682f436d3231473341614f33737a49514f386d546b483333476d2f4475357434664162616c49346152355a376938667558424a4f66774172525730692f566e42563530366c564c346251586c302f4a666963663437476a614e343030794a3470726a543459784a5070367a48596e4a7746424f46794f535062746d756e384f3358687678586475746a344f695731692b2f64545152716f503930415a796661754e30507778662f45485862725737316d7439506c6d4c4e4a2f45344852452b6777436567727566462b7158506844773546592b48744b6c436c5371797852466f3442334a7831592b2f31714933316d396a757858496f30384c427431625765746b757576646d4838526463305453644f6d3048544c477a46354d414a5446436f454b2f55443778726e2f6837422f616d6d2b4a394a6b35696e73664d4873366b37542b763656772b323475726b2f4c4c4e5049325477575a6d50366b3136686f656e5365412f41757261767167386d2b766f764b68676237796767375166636b35493741437330334b546b7a304b39476e673848374253764f5458713364666b65564b63674875526d6c44454e6b6452545534514450536e6657735436472f756f39372b456f4c654862795538427276434c2f6455496f41483631364258492f4461336533384732776b624f2b535231486f7059342f77416678727271394b43744648356e6a354b574a6d313343696969724f514b4b4b4b4143696969674170477061513041654a61706365482f434e314a4a633263462f726a7358454d6e7a783271352b554831624850384168584d616e3438385133736d59395a75596f2b305541455372374143735056316361786562325a6d4d376b6c6a79636b6e4e524a6272744a6b6c5654324159567753714e364c512f51735067615559716458336e336576334c6f6569613830506a4c516248784e5977525847703663697071566f51666d55636873446b726e4a2b685070584c616e346d317a785a4b6c726433594b594a6a74346c324953426b4441366e6a6a4e5a6d6c367466364471535874684f59703034794f566466516a754458534664453855546936303665505174624a3347336c6262627a503678762f415436476b337a2b706d7145634b2f656a654b767976666c7630666c356e4e7a364e6651537367743548433479794449365a7130734f7654366362423375785a522f764262794d3233493662563965654d6574584c6d627846346275794e5568756b62597978475535544a364d473544592b7670575a2f623271676c76743077593953434d6b2b763170506b5863363475745653613557756a4a497272584c5054626d786a6b7659724b514d5a6f4d454952675a4a424848625034564c5a586d7636536c3362616463584b77766c4a31684735472b586e494978302f5371556d7336684c45305574303069737055377743634833497a532f77427458356a387470565a4f65444770363479656e66417a363072783773703070744e4f4564642f507a32334e6132316e78646136616c74625864396257646f675656516557464235394f547a6d7462532f6952347130726d367a665144377775597947412f3368676a386135744e6631646d416a6d79515351466855386b396359397a2b6457346f66455773572f6c2b524e4d6b696b4632683549423579325055397a31716b2f77435673354b754770576172776862385474472b4d6f456536485145576648336a50786e38467a5842654a664557712b4a726d4b3531475445514a38714a41524776303954373176772b476450304f4958757353724d6e7a41444443496e626a3554742f65484f6542387679354a7257384f654f504474784c64324f7461657364704f34456253494a4931584741704141323439514b717a6c704f5277512b72555a632b456f755674332f414a58504d7661707262796a645169634879533669544858626e6e394b395431373456327439622f414e6f6546376c4e726a637475306d364e782f7350322b682f4d5635704c7074785a336b6c74666f31704a45634f6b6f775166702f576f6c546c42366e73346248304d56462b7a65765664556652486779396a7574506e534f33534a497051464d5a2b56314b6a4444303441727071382f7744684e642f6150443131454a504d454e77464278324b4b663631364258664233696d666e324d68374f764b505a6852525256484d464646464142525252514155687061526941704a36415541664f577465456465764e6575567339497570563878384d6b5a4367626a6a6b38644d55512f432f774157536a4a3031492f2b756c77672f7258732b72654a59374855724f7a69674d786e354a7a7746395255736d724e424849474d5a6b424c595a7475315430507541654d3135376c51356d6d7a36582b32635a4345556f4a4c702f567a78332f685576696e47536c694d65747a2f39616d4e384b50464f7a4b32397049442f4148626c65667a7858716e3236386e4c47356c5255655354793151626a7343676a7039346331684c343473664d57314e7a357338595278474d72736c4c594b6b6a7141446d7366613037757964696f35786a58315833663845354b7a3058346a36424159494c4b65653037323068533469492f3353542b6c5a6d6f584563524a3172774b31712f385574713074742b68425776585a2f454f6f6f4a4767736f5a756852566c425972363472516738515179514133554d6b422f774357694f7645667361306a566f79305576764d336a3673583753564e612f7974702f677a3536656677792b536b4773512b322b4b51443942554a665138385071682f375a526a2f77426d72333237384e2b462f454d652b66544c5a6e595a38794e664c636669754f6134765850673768576c304f2b79656f7437722b6a6a2b6f2f4772396d327278737a76772b62305a506c71536c422b65712b38357a7737346d305452644f6e454678665731777a6b7354617876493634364a4a79455075516636314c71587845567736324555383564514e39366433546f44466a7938447437383961354855394a7639487647744e52744a4c65596677754f6f3951656848754b705978552b316b6c5937316c574871793973337a584c46336658576f544757356b362f774b4e716765675563416577414651413436552b4b4753655a4959556153527a74565647535436436e3356704e5a792b56504730622b682b754f33754350777148643673394b454b644c33496147373456385a616c3458756762647a4c5a73325a62567a387265342f7574376a386331367a726569365438522f44634e2f594f6f7567682b7a7a6b594b74336a66327a2b5855652f673652504a7769452b74647a384c39656c3072784f6d6d79794662572b2f64736836435448796e36397678466255702f596c737a794d3077576e31764436564936366455656b2f432b795777384c47456f5575424d777546596372494351516670675632395a576e5771323270583749754575436b782f337362572f3942427256727369724b783854696176746173716e66554b4b4b4b6f784369696967416f6f6f6f414b6776517a5755345137584d6242546a4f446731505658556c4c3662637170414c524d41534d3952557a2b466a57357765726176703269527770714a302b324d7342534a355a526c3866654737714f6f2f4f72566f7346357079334d55716d62596375755847336239317765763466586d6f7461306a513769654b316d734c6535766257442f526f5a55445a42414c45413845344854327072586b656e42746b36433253554e48504f34554b4a522f7177426a67594a2f4b764571637437395430343831724970615665584672464a504a6452693067746f6d5a70463270764c63726b2b7777434f4b6d76394830547850643255686e4d69326b386a42496e4957524777446c56786b5a43382b6771374471736331314e627857776e744c686d5553686759396f2b586151657742344851306b736472484e46354f4935434d4353334b527874787750397241724a533550684e4a52637065386374653356766f48696d4c52704a7271797370736d417638794f6d6373517837676b385630646f693231704c71456a6963506b4b49776473595449417833794d354a354761776645316a706d72576c76623679396e42656c54396a7559355a4a476a66494a49412b6739654b31343775595172617a785379795251474f37614a634b5152674e7a334950626d6936587652366d6b6e7a32692b6736312b3078366c4a717153357332777251453741684847632f5876576c61654a70636270304f774f497951516348366a313961794a4c64347450693031726750435a6c6a7547622f574d6d336353434f41636a48474f707150534a4e484d2b6f615a6f70534b38674965574a797a4a6c735a444138396a7750616e4355307663646d5255355a74633638766b646c71476d6162346a307a3750663279547774304247475276565431553134583431384633506853395568326e734a79664a6e4935422f75742f74667a72325852377537535977336b5945676b386f6c446c546a706e504f6636477266696a53497463384e583168496f4a61497647542f4141756f79702f4d66716139574e71394f2f557241343670674b2f493365443358366f2b644e485a497454686d6b614e52466d52664e2b36585545714439574172616d545372786b6e754c6870376845784a62322f774169456766646a4f4d4162694f663936734c5435596f5a6d6c6c475346776f786e4448417a2b414a50345671326f306d336e61517531795344677952635a796563592b6c5a7732736657346d4c352b645876626f57645730505472537a486c2b636c3259555a593350556b6b34622f61783234485370764364704566454f6b327864664d6536544a4850494f6636566754586f61356c6d63504a4d3745733764662f414b3346622f7739684e35342b30356f3438434e6d6c623241553550356b5530317a6147566146536e685a756372364e2f67665245504a592b74545657746e5a6e6c566c41437341707a31342f7741617331336e35344646464641425252525141555555554146566452326a54726e6553464554453447654d656c57715a4b5645544673626363353655704b36734e4f7a756346634e35624753336d6a6d6e63787a447a337749554345626965766670584c772b47353768764a76372b3159544b3068614a6d4f394151664d41626f5230474230723048552f43656a366e4a4937777443376c664d6142396f6b783044446f522b4663357176773976706d746e307a5745566f6d4737375647535858494f306c654d63644d5972795a34537066545539536a696f525672325a78506962537931787038566a4f567459593865544c4a736b4f446a6352334850483431767778585635346569573474726158556256524e354e713444414c6e6143674f574241366a3134725438512b452f45657033576e54577a326b467a5a712b62794a674763734d59326b636578363039394a76354e4a6d58554e4475576d56764b69614a2f4d6c5a6366664c42765850482f414f757335557032536366774837614c642b5979745731364337384f473530752b7456754931784c4861734379392b4e777947474d314862613166362f6f7258576e7977506332772b654e704e354148556c66316f3850364634687337774f64476b677470484c535276474a47636e75784a342f437263506844566f32314d324f6d2f32664264443931437371416f2b4f546e2b345467686533506170644754364d303972424b3131366d4a6278336d7161593031787267746a47583834525241354947636873392b422b4978563637316253745076375855476b644e516a455933655a6c3251416c6b494833674351415430796653757a306a773038566a482f614d467162706b525a6d795a41327a68546a6f44674470566866422f68753375567533303632456944414c4142522b48543836306867366a33304d3559716d6e72715676446f6e31574730314764444773594f41535435683766674d6d72666933585966442f683236757047486d756869675475386847422b58552b777253652b7a47525a776d6467506c3532722b6670394b3833385165432f46666954554464333178615955596969526d43524c3641592f4d39363734785647484b74575a34614e4f76583571306c474b2f71783551724c4477795a3938315a6a6b447075555a39713770666846713870784a64327965344250384168572f6f33776a736252316c3143376b7547376f7679716178555a33736b66575673347755593335727679504d4c58543574526d53434f3261575a7a68566a35492b7037666a58736e6750774f50444b79336c784a76764a30436c514f493136347a3372703744534e5030744e746e6178516764774b793958385452774b7476707532346e636b426c5079726a72396174714e466339566e7a2b4d7a57726a4637476b72526535306c764d6a79536f70797945427662697246632f345864356265346b6b4a3373347a6e36563046644647703753436e3350446e486c6b3046464646616b68525252514155555555414651586937375352665564716e716e716a534a595347495a6b34436a334a715a4f796259307273382b696831434b2f6b534b65614a546b373163386e31394d56582f7743456e3136786b784c65323079444f6438504f4237672f77424b3135486147454934645337595941354b45397670574871567861323071782f5a586d6b786773446e48766976435535772b4673394f45564a32614e4f30386261705048752f73794f5443676e592b4d353941525530666a3264312f354254484a4147487a6e4e553765497043566c6777692f496565514f784a7145576a7743534f4f4f516c5475556b6a4c646677505774767264526453585270743746316669464f317a4c41756b53426f7951537a634841375645336a7a554a5a4173566c41714d63435173534f6d656c5a732b6b47614f4e347a4a46495879517a63394f7870466935682b7a74483561425859347a383333614869366a366c6577706469376565497645444d45334c487550574a4d6a384f2b616752395161386a6d46354a506b3958494b6b2f3353703666576e33416c6c426a676b637a4a496348716363346f734e505331743265566930696773365a79532f7150536f64656233594b4545746a564869572f7448574751515379464d68566949796654494e57497646562b49424a4e59516e4979516a6e4b726e47546e33726e72694b38754a3157416d33694551554d514e77486476624e527a36564f596b6a655a336d6b54595a48354b3765522b6c43784e5666614837476d39306a71313856546d643466375049594c75424a4f4748745766622b4d373639765a4c6449494951676265334a4b652b442f4c465a327751773230766e546e79647059786e494950592b6c5379716b4f6f6d62375838386f4177305933663750314f5452396171395a45716c54585174336d6f5855355a5846784f7369384a3047333663446d73367a7558755657566258374c4547324d7369486350514c2b6d616a665757675568344a70325a6d424d61644150346a567130314235724b4f36614a6a755949694265636b646837447258504b58744e57376d6e493472593750773545557447596741736334466264596d693344466b69594c7a487534505156743137324874374e4a486c314c387a754646464662454252525251415555555541465a2b73594f6e79526b6a4c3441427251724f3147306e756c2b516a6767675a3634714b69764670446a756a6974526c756864683449524f646d44474f4e77394b644a5a794e415a356b426b4d654e703635506174644e4931425a7a4a396d786b354a4569382f536d53614e714d69717251766b5a3556317a6a3836386a36744e3362523371724657535a676661626857533275437362767a754746554163593536303645787a6c59416a695749416f533241522f577443547776715537435757494d344f46426b4232443271622f4149523755455a354574515a4f71457972317a6b6d6b734e5565364b6457467447555a6f576a6764343243794b344b5a4f37626e67315352706a63693352556952796f5534787541493656664f67654a476e61526265465137626d5533484766616c314c7731346d753151326374746253447137536269662f48617059616232516530697447305a383838556c377545696f374f334a4a3541392b39466e643237512f5a66504d63697433786876785058487056367a384a65494937634c647070306b75636c306d66394156344e52532b477466514e6e544c4f58616378724863396672754135702f567169657144326b48706368764c53523075696c79724a4d4274417a6e4937482f50616f69716163716f7246706434335a424f51525552307278756b7046726f734d614871587555624a39657454335768654d5a6f492f4b30327a456f4f353361364162324178307066565a7437466530533062515777577849746f6f774a4a736b6e642f434d593539613049673552495761525a4978684a5755456e386166427048694e346b2b303662627134487a46627063352f37357074747065764a63626e7379753138434d7a4b65434f6f356f57476e7a576130496c55693165364776457a4b496235544a6a4a6152453249507144556346734948614179527a51546e6647676a2b566344715433712b644c316553656152374d415941574e35416433583334717844704f6f4a47414c5a31562b436d3551462f4930705953536c6f695657567479333466346d506d625662376f5665415077727061356d30306d2f6a6e5359714979703662682b64627579344b3533674830394b394c444a78685a6e4a556163726f733056574564774132484850546e2f36314a355630547a4d4150622f41505658515a6c71696b5849555a4f546a6d696742614b4b4b414369696967416f6f6f6f414b4b4b4b414369696967416f6f6f6f414b536969674263556d305a7a336f6f6f414d5541555555414c525252514155555555414646464641482f2f32513d3d);
INSERT INTO `sts_urunler` (`urun_id`, `urun_ad`, `urun_adet`, `urun_tarih`, `urun_fiyat`, `urun_goruntu`) VALUES
('2222', 'Çay', '36', '2019-02-21', '25', 0x2f396a2f34414151536b5a4a5267414241514141415141424141442f327742444141674742676347425167484277634a4351674b4442514e4441734c44426b534577385548526f6648683061484277674a43346e49434973497877634b4463704c4441784e44513048796335505467795043347a4e444c2f3277424441516b4a4351774c4442674e44526779495277684d6a49794d6a49794d6a49794d6a49794d6a49794d6a49794d6a49794d6a49794d6a49794d6a49794d6a49794d6a49794d6a49794d6a49794d6a49794d6a49794d6a4c2f7741415243414330414c51444153494141684542417845422f38514148774141415155424151454241514541414141414141414141414543417751464267634943516f4c2f3851417452414141674544417749454177554642415141414146394151494441415152425249684d5545474531466842794a7846444b426b61454949304b78775256533066416b4d324a7967676b4b4668635947526f6c4a69636f4b536f304e5459334f446b3651305246526b644953557054564656575631685a576d4e6b5a575a6e61476c7163335231646e643465587144684957476834694a69704b546c4a57576c35695a6d714b6a704b576d7036697071724b7a744c57327437693575734c44784d584778386a4a79744c54314e585731396a5a32754869342b546c3575666f3665727838765030396662332b506e362f38514148774541417745424151454241514542415141414141414141414543417751464267634943516f4c2f385141745245414167454342415144424163464241514141514a3341414543417845454253457842684a425551646863524d694d6f454946454b526f62484243534d7a55764156596e4c524368596b4e4f456c3852635947526f6d4a7967704b6a55324e7a67354f6b4e4552555a4853456c4b55315256566c64595756706a5a47566d5a326870616e4e3064585a3365486c36676f4f456859614869496d4b6b704f556c5a61586d4a6d616f714f6b7061616e714b6d7173724f3074626133754c6d367773504578636248794d6e4b3074505531646258324e6e613475506b3565626e364f6e7138765030396662332b506e362f396f4144414d424141495241784541507744332b69696967416f6f6f6f414b4b4b6f616c6379777169784d464c5a79635a4e63324d78645043554a56366d792f7743474b68427a6c796f7630316e5250764d712f5534726d336c75482b394f352f344561674b6e767a58793154692b482f4c756c39372f414f417a726a673737794f6c652b7455367a702b427a55446176614c305a6d2b6931674559704b34616e46654c6c3845597237332b7071734844717a61625849683932467a395342555461342f774444416f2b725a72496f726a6e78446d4d2f7432394576386a5259576b7568704e724e7965676a58384b6962564c747638416c726a364b4b6868737072684e386167726e4753514b66396763484454774c395a423961714d38357845564b4c6d302f56494f576846323041333930332f4c642f774144696d69377555634f4a6e7a37746e394b6e57315157677549356b6b556b726c66584f442f4143716d564a55592f4b75484554783248714b4e61556c4c66663841344a5556546c65794f6b7362314c794849346b48336c39502f725661726b6f4a3374356c6c6a4f43503139713674473349724559794d34394b2b3779504e586a71546a552b4f4f2f6e356e6e34696a374f576d7a485555555637707a68525252514155555555414646464641425252525141566a36713262744639457a2b746246596d702f77444951482f584d667a4e6650635479746c3758646f364d4e385a5550536f324f4b6c4e5179562b614939474a486e4e4641424a41414a4a3441465a6d706549394430615178616a713172424d4f73494a6b6b4831565153507878585a68384a577844745369326139624930614f6c594e763435384b5855676a6a31794a4750547a345a49682b5a5848353176634d69534b79764734796a6f775a574871434f4457746641596e44726d717761586670393642335473316231304a4c356c506871614a7261356e575758596673793565506a4f38443158626b652b4b796b564c727a4848683757536b30766e4644456b666c766a614368366a4135366a38613132307550554c4b4e35645175624e59326453594832377777584950356671616a5453724d4b6b5a7539566b6a5559447463664d5236644d343436667058336d42787546772b426f2b336d6b326c7565624b64614d354b6d394c6c3278383065487773746c4e5a734a53664c6c634d666d4a596e6a746b6e387171723930566168734e4f7362575a724f5352704a53752f774132517378786e485870315053716d35566a4c4d775656475353634141647a587976456b6f3163616e54643034713174653576686d3346755739786975304d345a656f4f526d757655376c4239526d754874722b30314b42627179754937694269514a455047523148714b3765502f564a2f7569765834555534537255703657747035366d574e567244714b4b4b2b794f454b4b4b4b414369696967416f6f6f6f414b4b4b4b41437354557638416b492f384148396132367739522f3543522f3342587a6e46502b34664e66716447472b5035466331444a55353655794e64317a454d5a4738667a7238356f7764536167757036436474547a377864722b6f335639632b4874416d6a686c6751472f756d6d574972754955524b7849787979676b636b6e4847445841772b454e54654d59696a2b304d777a624751436242665a754b2b6d376a5034394f61625961756254554e546e76374a726f5872487a4665517835595369544f63633872676a3961336244784472477033797961667066326a567941727a784b7a5a6a456d2f42546f4f63416e50515939362f556146436c5170716c5430532f72377a364844304b6c4746344a6562663841772b333561626d56636546347072714e4e4e76595a344a4c694b3245684a4f4a483365696a676254794d396a33343064483153382b482b70326c7663334a754e4e753057533574315674694b324d504754775741505665446767315a3150567461304e6257433838504a5a77516c5874456e3878684849705a6779735735787650796e493663566a7a573272654a4e4f7372665339447558747256473347434a325670477876624a79426e6176414f4d676e484e61536a475363577233364631494f7042653074796437723737392f54394e6663776f4234594d4f71734f684236456655564d7455644974726933385061576c796a4c50485a77704b726456594941516665726f36562b5a5a68516444455470394533623036487a6264785736566a61344a47385058776a6a61526a43666b555a4c4475414f2f47613244304e56586a453173305a4f41366c632b6d65395a34536170316f546c736d6e2b4a55486255347677624a5a78336c354459795a74706c5764592f2b656244436e727a79437635437659497639536e2b364b382b7437494c713733636c6b734d2f32614f463567434e2f664137594141357836656c6567772f366d502f6446666f7557796a4c48566d75716a2b707a356a5656567163656f2b696969766f447a516f6f6f6f414b4b4b4b414369696967416f6f6f6f414b776452502f457a622f63466231633171636f4774756e70477072357a696c5877487a58366e5468666a666f4937454953426b67634431706c724e4c4a4838385155673965526d6c4379536e4b4870796566384b734b68574d626a6c6a314e66495a666833474e2b722f4c2f676e55336552794869536256644c765875664e6b754e4c75477a356377456b635a505643725a475054322b6c5436446361596d6c7a72706470465a76754d317844466e456e2b304d38344839336f4f31646171493062724b46614d7268773442556a766b486a465a56746f66683247396a7662575a626473467469546749796e672f4b3359673139716f5047346430353658583966384d597170374a325733597a74537637424e45662b305949726943632f753761555a5669702b385236412f6e7a574e7053582f696d2b523579366154415275432f4b684136496748483564425856334f682b473572675458553063777430574d52795849324946486f4d5a39546e756131676b535249734b6f7351556246515955443246464f6839537779705131742b663964416c5639704c5459724351704b7a4f41566237793971683878544936715356422b552b6f39616e6c4171764c455774444a45635378743139523656385a586f633070555a765856707637332f6d62586173304b57344e5178742b364239716938386e424977534f687062527439755078466550795752304a614758704638313748497a58426d436b62533052526743503475782b6f72304f482f55522f376f727a757a7446303236764930456f67796a49306d434f2f415055347a3339713944673574342f3930667972376a68726c397657634e6d6f6e4469623873626b6c464646665948454646464641425252525141555555554146464646414258476175352f7743456e75426e70436c646e584336792b337862636a2f414b59782f77416a586763534b2b432b614f72422f472f517532367978792b624733796b62574658544b434163316c7733496a506c6c754735464f2b304179465132446a4e6648566352566f5646427538626671644e434b6e46744b786f584e7a46623664645453782b5a4648433776482f65554b53527a366a4e636248663650647a32526830417833557435437371584443566e5757423545496666674568414f656d4f6d446d7479374d6c78595864734756544e464a45724e30425a534f667a726e4950442b6f32433263576e33566c3564764f6c34456c44664c4f49576a624241355269513244794d4564447839546c755955765a36737972554a5830525966556446695734522f42757953337649624c6239706a4b6d61515a774744592b55455a394e32505775776a75533170437a772b5178515a693342746e485449344f50555635326d6e616863614e446f356b306134466c64705050764d6a66615a67355a392b567753784a79426e6e6a745856573030385670433179626663462b376235324b4d3441476565414b3378754f68793254436851643954585a6d595a36436f5a306b2b777a4e477844494e347765754f3146732f6d674d547a373973306b774d45356c7a684448742b704a72357877353633746d74722f6b6256563776495a6258486d716b6847436574574e4e624e735072564b3663427746414148595557736b6e396d5443466c4575434579324f635634306f4b656930757a6f576b427574587356716f75793465454c6c67687a6b6a6b5636445a50356c6a6276676a64457077653341727950536f6c653475476b544a47313846634450502b4e6575326e4e6e422f317a582b5666635a486834346172556f7033615331504b7263307666657a36453146464666534741555555554146464646414252525251415555555541466342727a7150464e30784f41715268762b2b6331333965626139494538616168473577736b63514239447472784d2f56384a3830646d4356366a3943316179517a4d48434e6a7357347161534e466c4467625230335a362b315979616c63492f6b527852496f34354a79545667584d74776e6c7a4b4233566c4f612b487847485339364d766b64384f614d7556725475584a354e6749524d6c675353542b4655463146724f34784c4875556e695848387179627a785574724b317331712b564f433076486632715a4e647339545552796f454a376b3866577436654378464f504e4b443558325a79537a4844564736564f70616137332f47354a666142625871534f6c35636842495a6f59773256695a75574b6a726b6b6b6a6e6739505372316a46485a6d4f336942534e455971474f635a625048356d736c7278374a4868507a37546c51652f702f4f714546786633563254434149304f47636a4f5739414b312b7231717347707a393162584e3656654c6b6f526a373358793666384d64306b6b67437370424259412f537165733352383162614d4e6e6f4d2f7166364370376156345956646751516f795736566b6170714346354a546a70387a4471617777383354693472562f7742587361314b58504a64686a7a68707953666c5546696659564270696e553946475175356e4d6937383448507437566b5856302f32637841346d75636a6a2b4665357254385051764e615735746838794b33746c656d50726e424664464768556a72542b4b2b6e79762f414d4d61564965375a3951617961306e457374356273712f777049636b2f544f4b395a73762b5047332f3635722f4956346e726b617761724f506c7a6e6346787943526b2f774436713971303569326d576a48715955502f4149364b2b7479756e4e4e315a7975326c3073655257613565564c5a6c6d696969765a4f594b4b4b4b414369696967416f6f6f6f414b4b4b4b4143764b664655712f3841436258384c74675046435662304f32765671384f2b496430316c342f764a484f626434494135483842776347764e7a576e37544432387a76793757743869616134647732373562694c6878366a737771534b346161333831584249344f4f783936785074797a7167655659356c483771592f64492f7574376539555a35356c6e62795765327531487a526738343952325a612b597055755632612f722f49373862686662302b564f7a5770306a47327579306478474335474133763731436445534c456b556e474d3763636a384f39636b2b756167704d63317a386834494368475038417749566f327576324d4d5956356269452b7369462f77425161316e5472557461542b57365050703559716b6558457050732b712b5a75504b58525963675352597733596738446e324e61454d6c76703853774b51647666766e31726c70645a306777536e2b30775438704f7946736762686e476574645a706c37703931704674665756356268424a734b335465586867635a495545354f4d344a6f57436e69744e556c7261332b646a6168542b717861657433612f774174445761356a6654704e3871786558474a664d595a586b5a352f774472567774357245637838306b6933552f49702b394b3371522f6e4664526457643564337a534e724e723552473159314c42514d66377451445159306a754c6935763753364d55544f7543703245446a74787a6975723668423670376631332f45366f565930395a64546e49424c4b374e4b635479726b6a2f6e6c482f6a556c7a716c3570566e416253376c74564735483870735a2b554d416666722b4e525333634f6c576a73306d2b556a63376e717a66346567703368665548657a754a704f4777434d39736b342f51567930584b4439716c6f766b6445333173624d634b78324e753132676b757a43766d7649647a4639764f5365396577365a2f794372502f414b344a2f774367697643547147363464726d3441514b4347624a476651592b746537615951644b74434f6868542f304556374f56304b314b7255397137337365526970526c546a4b4b376c7169696976624f414b4b4b4b414369696967416f6f6f6f414b4b4b4b4143764176696d3732336a2b356c6a55534b3170443573503935666d2f577666612b61766a6665793666384145354a496a392f543463723262356e465959696e37536d346e52685a386c5335682f614461774361334a754e50627350765248302f7744725538366d7374736f596661375a65553274746c692f77423175333050464f744c4578474f3567677570726d634e76745948514b536f4f35546b484c44427a6744474f707148553945514b4c7532467a70307a4d55614736545964774f4d656a44334830727948526a312f722b753650546549766f537858715858794b384e2b76654f5169473458384477314e6530307a50377958554e5062306b7479792f6d7463376470637848626632572f4853535067314842716a322f4676717433422f734d78774b6631563276422f312b4b2f416e32357676702b6b6b382b4977773942614f542f4143725a734c4f316c30473974724e3771344b4d4a566b6c74764c3745454c6e74304a726b50384168494c3864645a6c62364f416635563148677a56576d6931643535354a5138416a44504b7a38386e76394f31487336314e4f546437656e2b534e7146546e71786a75564c6637553132716b796b48714249543272592b3144532f44445872763830397949554248514264783639383470644668467a7274744667664f354836476f2f454d6c6e6236416775747a6d32766d4b784b4f7556492f4c4971334a7939313966386a304d54683152693362617a2f4578524d3934446558684b57365a4b49543934316f614c7151625474354f30545448322b565267667a4e63774a4c76584a53654972614d5a505a55464f6a753459347846624f5446474e6f507165356f564262486d314b3131593679356c615337386c41486247474135497a6a4765754f6666384b2b6b644a6a614c52374b4e38626c7434314f446e6b4b4b2b527a7157722b48316d7649534c637a6f5967736747346a47647755386a48723731395a36442f414d69397076662f4145574c2f77424146656c526a5a755863383276503349775853356f3055555630484946464646414252525251415555555541464646464142587a543865537350785330715354415132554a596e30457231394c563830667448706a787070622b756e41666c492f2b4e4a7136734e4f7a75637634666c6e69686c6a4e30384d386477583271753362494d6a63636737752f5034564a7232737933317739706650484d693238704a51625a492b41337a4b41426a4958623741567a3172726f6b67534f35764c32306c5142524e414249726a2f61516b6338645165653437307a564e5a686c732f733173307337734e7374314e456b624d756337417135774d67456b6b6e676442584f365633716a56564c4351616a665779347337305452663838354f66304e536632774a33574f3530694b53526946486c67715361352f4e5477586b397650484e484977654e67793537454849716e516933653336666b48745764464e4470304c4558476e6d4e7831525a693250794750317271644c6a733762772f43397447596a6342705755746e672f4b503042704e466d733961547a307359626b74793642734e47653478365675533652487652306b574f4630565049644d424d5a364d4d2f6b617871306d6f36582f4539504b38525370346854717654395372346475504b312b7a6b4733355a4f2f304e54616e70384e3763617861796a65705a6d6a5548475742334141397567714e66446e6b79783345446e4b7547326f345048304f4b3159394d7a34692b30694b5437453458654377474350596e4e63716933384a374e6246305a3833744a4a70707263386b314c5572715344795244396e7452305250752f695231714378597445454442647a5979787742376d7654627277625952773341744c7466506649514467416b392f55666e586e462b4c65333157356a736d426a696b32686b344259416269766f4e774f4b39474d456c5a492b5764526d78346d654a644c644a47547a53564d665562794267736f507a4e782f453242324172363138502f41504975615a2f313652662b6743766a6d78384e61723468697674545a696c7244484c4939314f535249794b574b4c335a754f3341376b5639692b486a6e7733705a2f366449662f41454156716b5953647a536f6f6f706b685252525141555555554146464646414252525251415638332f7449706a784a6f736e725a755079662f363966534665422f744461584a6636706f545275696c594a68383265666d576875776d306c646e7a395257712f683755452b37476a2f414f36342f72565754544c364c3739704d50634c6e2b564b36457078657a4b6c464f614e304f47526c506f526975313054345a61727173437979756263734e7769574979534165344853737131656e52584e55646a656c5271566e6143756366613364785933433346724e4a444d6e4b764732434b37505450694579517048715674356b696e2f6a34687743332b3876417a3769712b7566446a5639486a6157502f5356515a5a4247556b41396470362f685848553656616e576a6544754f705371555861617365775776784430526c416d64462f774236466766304653616a38523944744c5974592f3658506a694e554b722b4c45636672586a6c644a3465534272475670644c747238724b4d6f38775279446a675a37453977636a4e61574d334b34616e343031472b4d77743069736f35654745414f346a3033486b666869705041466a61366e34783075787659566d74705a794869596e44414978414f4f32514b73334f6c61664c4b556c3071347378416a6d5a346a7679516f7754747a67456b65773936692b4772626669446f5a77546d357868526b6e4b7350363079626e716d714d5a624b6668565561584b4652464371692b533343714f4648734b397038504448687653782f3036512f2b674376435046766957303075306c304452764c75395665417758633541614f3151727449794f72396542774d3835504139383069507964477359783053336a58386c46417271396937525252514d4b4b4b4b414369696967416f6f6f6f414b4b4b4b4143764a7669564b3931726b5961316d4d467245555632694f7773334a4f6359493644363572316d6a47617971302f61523562324971513531592b5a6d743753547246455437636679714a744e746d3642312b6a563948585768365665672f61644e744a5365377771542b654b78376e34656547726a4f4c41776b39345a5758394d34726c2b725656384d6a6d65476c305a34444a7043486c4a6d794f6d345a727166434869323530753758537453494d637266753575345939415433423965316439632f436e54582f774350585562754832634b342f6b4b357a562f672f716330592b78366c61534d7079766d6f305a7839526d7566455947574a6736565a58586671764e463058576f53356f2f3841446a2f47486a4b79733751324451433675324735564c5945506f78505850734b38593144773948714e334c6547336c68615674785746634c6e7551445870582f4141725478596c374c6458646e486379453533783343747550727a696f3576444776322b544a6f313778314b786276355a724c435958366a4252696d3331657639574e4d5269713152744c535052486c4d6e6855447063534c2f76783141336865663841677559572b6f49723032574335747a6965336e6939704932582b597149474a2b7178742b414e646e31795333527a6532714c71655a2f3841435036704370456270744f51516b754d315070576861677479736e6d4e616c5734654e2f6e39506c78586f34733761556866496a79546a7069704c4378533365534e495033336d62514143535432412b745639635436616a2b73544d7a5276447977474b3367674a6c636859346c47535750545071612b6e4c56476a74495563595a5555455a7a794258482b4366427830705271656f4950747a72386b5a2f355971662f414759392f54703631323162554979316e50646d39474453752b6f555555563047775555555541464646464142525252514155555555414646464641425252525141555555554146464646414345416a4247516657714e7a6f756c585950326a54625358506434564a2f6c52525361543343317a4c6c3843654770736e2b7a456a507245374a6a386a552b6b2b45394a306135613574346e656475424a4d2b396c4854417a302f6e5252576673344b536152484c465059334b4b4b4b314c4369696967416f6f6f6f414b4b4b4b41502f32513d3d),
('111111', 'Şeker', '0', '2019-02-21', '275', 0x2f396a2f34414151536b5a4a5267414241514141415141424141442f327742444141674742676347425167484277634a4351674b4442514e4441734c44426b534577385548526f6648683061484277674a43346e49434973497877634b4463704c4441784e44513048796335505467795043347a4e444c2f3277424441516b4a4351774c4442674e44526779495277684d6a49794d6a49794d6a49794d6a49794d6a49794d6a49794d6a49794d6a49794d6a49794d6a49794d6a49794d6a49794d6a49794d6a49794d6a49794d6a49794d6a4c2f7741415243414330414c51444153494141684542417845422f38514148774141415155424151454241514541414141414141414141414543417751464267634943516f4c2f3851417452414141674544417749454177554642415141414146394151494441415152425249684d5545474531466842794a7846444b426b61454949304b78775256533066416b4d324a7967676b4b4668635947526f6c4a69636f4b536f304e5459334f446b3651305246526b644953557054564656575631685a576d4e6b5a575a6e61476c7163335231646e643465587144684957476834694a69704b546c4a57576c35695a6d714b6a704b576d7036697071724b7a744c57327437693575734c44784d584778386a4a79744c54314e585731396a5a32754869342b546c3575666f3665727838765030396662332b506e362f38514148774541417745424151454241514542415141414141414141414543417751464267634943516f4c2f385141745245414167454342415144424163464241514141514a3341414543417845454253457842684a425551646863524d694d6f454946454b526f62484243534d7a55764156596e4c524368596b4e4f456c3852635947526f6d4a7967704b6a55324e7a67354f6b4e4552555a4853456c4b55315256566c64595756706a5a47566d5a326870616e4e3064585a3365486c36676f4f456859614869496d4b6b704f556c5a61586d4a6d616f714f6b7061616e714b6d7173724f3074626133754c6d367773504578636248794d6e4b3074505531646258324e6e613475506b3565626e364f6e7138765030396662332b506e362f396f4144414d4241414952417845415077443034436c4170514b5846554167464c696e5970514b41473470635537464f70414d433075326e6969674275326a62542b4b584970415237614e74535a704b594565326a6254364b41493974474b665355414d785359702b4b544641444d556d4b665355774745556846507854534b5144614b57696d4d654b576c417077464168414b55436c78533470414a53696c41706355434734706164696a464144614b66746f3230444734704d564a746f32304152347063552f6252746f416a785269704e744a746f416a7852696e37615446414565326b4b314c696b785142455253597155696d6c6141497355552f46464144774b64696a464b4251416d4b64696c785334365541494253347077576e5970414d7853347032326c7851417a464c696e643855596f4162696c785473566c3676726b476a7445733055736e6d676b624d635978362f576f71564955343838335a45796d6f71386a5378526975622f7743453273762b6653342f4e6638414772413855416a49306d2b78676e6f4f6747663563317a7248554a62532f4d792b7351657a4e7a464a69734d654b464d736366396c33676556537942746f3341444f526b394d556a2b4b42477856394b766868747651484a394b6631796a767a6667782b3370397a6449704e7463394a3479746f6d4b793246326a4473323055332f684e6245394c57352f4e6638616c342f447265517672464c2b59364c6253466135372f684e62482f6e317566384178332f47672b4d39502f35345850354c2f6a522f6147472f6d5166576158387876455533464a617a6661724f47343237664e5150747a6e47656574504972735454563062703347596f7031464d427770324b4d5534436741416f2f69576c416f78382f304649427770635642645874765932356e755a524767494754334a364144756661756476645a3852584a4b61546f636b5364424e6441416e2f41494354782b4e5a564b305962367679314f6d6868716c6261795864744a6669645542526975462f7372787265484d2b704c41443245324d666767704a644538593259443275724e636e756f6d4950354e7761772b737a333548593750374f7033733638622f4f3333324f37412b5930754b382b68385961336f38346a317254335a4363627a483562666766756d7531302f563748553748375862547130512b3975344b483049374774614f496856664b74483265357a346e4156634f756436786656616f7559724a313352427246756d3251527a785a4b4d526b48505547737135385a4344554a49307431654651414e386f6a7965375a5062324765745a766a6a7848647752574b6166636d4f4736684d68644d687547374867313352792b574a6b714d6c38582f446e6b596d745468536370366f762f41475057626449314f6c5179545245375a6f4843354236676759394b687545385453353232486c444949387456342f4d2f774366784e633832726549744374374c55447168756f4c6c642f6c757863446a4f317339446a304e6439716669617930697867754c74575753614c7a556979415430794d6e767a584e694d676c446c6a43626165697435664b357830716c4f6f6e7134327476627163704a59654a4359796265352f645a3259432f4c6b59347837635573532b4a3059375972776b45395938386e72317261307a78317075715850325152545773376769507a634657624841794f2f31724238502b4b645576503759656166506b325a6d69556a49526c394d2b7635566975484b71356d354e5774752b354c6c5275755754642f304c4c4a34696c6d686b6d303535764a4a4b713849323539534f395279515845616272767738355047365142736e6e6b3866354661353853334676454a4a67724f41444a44777578695a42737a312b58594f652f5876573341333971575563784a68594f774952736a4b73565050635a466339544a70553433356d2f577a4f696c5370314a57356e383163383375354c52776f74375a6f537633747a3769545651394b372f785a704e764e70556c367141584549424c6763754d3449507231726a46303053517879433967566d424a5351375376747a3172352f46594f70547138752f58735979777955327053532b582b52336e6832547a7644746b32655248732f496b566f6b5668654335664d304570336a6d59666e672f3172664972366e435335714d483549394769373030794f696c78525853616a68546856667a4453377a51425a474b6a6d6d6a676a6c6d6c594c4847705a6d5059415a4e5237323961787646387a5265453774674351327858326e424b6c686e394b7a717a35494f5859327739503274574d4f37532b3834532f314c5576452b744c4e42424e4a4845344d5555594a456135366e746b397961394d69756f2f4d4b527a7874494f5752574249726b4c744638522b48646e68572f57796149594e7133793975683944376e4e574c4761776731585452436951584d6b54517978626472396a6b2b767a447237317a34536c4b46354e383139623944304d7a784561716a434d655652756b75767a4e32625572674a493758454e7647674c4e4a494d4b696a756171796176436445625557765a35375a5533655a627164306d446a41474f4b5a6370484f73734d734b54527353727876304937384872394b57303871326468444a49694b5039577843787866516471375530747a78374d78504750326539384c32627a586a575563317847346164435439306e4441642f774443756269312f524e4d51322b6d78584f6f585567434761567a464370364273446e6a50586d722f784531657876724f7873726137686e6d57354c794a472b37614e7047546a6a76584f517741736b554d59334f516f4148556e6756342b4d784b7031314b43752b6a50724d727745712b45617153616a315863395830587776506177726358313436337a5a4c2f4147566873583279523833544f654b356e346d35477036654d6b3474323550663571394c52536b5349546b716f556e3643755a38575747675852686e316d6157466f6c3268346965464a3738486a5039612b6c792f45754f496a556e642b6e6f6645342b6a7a555a51693063486561586157756957656f57477065644f4e6b6b30414b6b516b392f5935774d486b2f685733632b4e4a7276547257316b73346d767045546138697273444e6b422f6d424137636535357857672f6858776c70694a64584d73737352547a564453466756342b62436a6b636a38365478512f684b654b306b757432586958795a4c58676d4d6b67594852674f654f3336563663735253717969705263745872613379387a7934346570546a4a786b6c6f744c2f69636e50486651654c4c59366a497331795a34693071484b74794f6841414f4f6e46587641376d4c5739515143496e37484c6754484345676a373374363171366a70486866772f6457556c3364587a5045456b6a51766e49336359474f67504a412f725851615634533033544e516e7634476c6b45364d766c7945465172636b644f66786f723432446f744e505657576c6c6f783063465556564e4e614f37317539536c633672444a5a5332317a5a787a58627853466a354733797a6a47484855484935494f4d59494a7a563150464e736b436d47786d4d586c68313259417753514f4f6935326e7230712f62364870384d4b786d425a6470596870426b2f4e3239783048506f4b7937612b384f582b736e545937614e726b682f344f4f44676738384867396636313561644f61646b336255394730344e586b6b32624f736f306d6733716c63503544456a4f63454450394b344f50556c6c6a445458536561344f2f7a59512f7a6667427830357a585866384a4870756f586b2b6b787973317938556f786a6a497943443648324e65624c393551666f612b577a726e6f31497471313059347571755a4f4c76304f33384833537953366c486d50683059474d5956756f7941665846644f57487258422b464d322b727a526e704a43667a42482b4e646b536657757a4c4a75644258387a72776a627071354e7546465638305636423069696e55326c6f41576d36685978366c7073396c4b634a4e47557a3665682f41344e4f4855565a4846544a4a717a4b684a776b70523352346a6357577536587163746a5a6f6c766445375a5a764b444e732f325365414431427167354e6e63434e5a5a3564524c414f3870496650766e6f422b566532367a6f4e6872317235463073697342386b304c6c4a452b684862325046636470336732447731653355556477317a4c4f41336d4f7547326338486e6e6d71775558536a374c64642b794f764d4b384d572f6276335a6158577572372b534f653154784c63325564724846716b4d6144355a47686a38346e4134357a3350707a564b347535746330777879794a4d484a4b7530724e672b6f424136566f362f70456c306a6f566b334677734d5955443569634b426a31704c50345965495a776a75594e506d48566d6d44666f75613172637443616a4b504e4758336f6a4455343136546d70714d3439396e2b747a4574394b6c7430474c645352335538313350675877314a506352367a65526c59452b613352786775333937486f4f337161746162346357317379626e585a5a514152497073416a466877517248766e6a6e4e6458615843324e704259746276484c45675259772b34454476764f423963342f6c584255775746396f716c4f2f70756567383378767348516e6258532b7a74314e496d764b6669593266455675505331582f7742436176523031613146754a626961474675643647514e74494a4236665430727a50346c4e6e784c45522f77412b694839577233636c61654b562b7a506c7331684b4e423664544c30754366784e726c705a7a33415162466a556b2f646a51644648726a396561366a78547138756836705a6154597851704262704538653551324153636a42486631726d745830573538506a544e527435483875654e4a556b3778793442492f7150616c3853366b2b72334e6c712f6c6c524a4373623448416c516e635031422b6872323577685771776b7459576174356e6a786b36644e703653302b3437507839726c78707232636345635261534e6e5633554d55594d4f526b4874554f712b4f4a3145566e5a6f33323657474c47774141753667357963394d6a4137353638567a2f6a4457375078444659545762454e454445304c6a45684a7765414d3863597a6e6b6d733756684a70666947304d7945535151327a7576664952636a394b35714744707545597a58764b2b6e7a4e71754a714b556e47576a73644a443474385161427245566e726f457362625334495863464a2b38724c2f41433971732b482f4142486358766a5a3765534b4651346b526d43444a4b6b6b45484752774d5935726e2f474770323276366e6133656e735833782b53496d474a4e774a5054302b6241353755794b5a7644506a727a72364e31534f566d594b4f536a41386a31362f70576e31616e4f6d33797054635870747176496e3231534e524c6d76464e616e53792b495a376634684378454d436f317a354d6a2b577535305944484f4d3548726e6d7332303031704c6d6553544351514f775a6d344751656c557236644e553865327437707a4356626d654b52465837363477447548592f4b546a307254316d34582f53374953434e6f4c795679683445696c7544395236652f745879504531436e43464764746262655a6f70387a6b3561704e32486152654b3369613345663841712f6d51483179447a58635a34727a4c544a664a3161306b7a774a562f6e6976544b387a4b4b6a6c546b6e3350517745334b44763343696b7a52587348634f7a526d6d67307561426a3147356750657251724f6539743757654e4a354e686b424b6b6a35654d5a796567505034303861767034344e3741442f76696b426f41314464324672666f71334d51666239303549492b68484e514456394f2f352f59502b2b7854313166546a2f792b5166384166596f5461315144625051644e737267584556766d64667579534f7a6c66706b3866576f39555a336c43772f62466b55666558654954374e6a6b2f687a566f617270352f356659502b2b78544c7137302b36745a495731434f4e57487a464a514352334766657071586d7454536c4a516c6371586364724e6f365736376e68314b5a49704a49334a79572f692b626b6a35636653755a5161514a3951656557384b7a4f7973737752322b5238354765534d44414a3550494753445854795432734d747539746678534d7049627a7267376475306763644f446a67436f377a374e635272484a643256316b6a445346464d4a7a39355236653358507257314776374f504b302f6b5a56714b7153356c4a664d6e315a6f6f6f31777757524733724773717835393845633439505771734e68702b73714a723032326f4e47634c7568414d5874362f6e567774614335696d4772526b526b6a62493673575539526e672b68373869724231485478317662662f414c2b43734963385a3836646a65626736664939663638777572473176725532313162787a5148716a726b63644b6954534e5053772b774c5a51665a502b654a514666726a3139366b2f7450547638416e2b742f2b2b78514e5373502b6632332f77432f67725a565a4a57544f5a30347433614b646e346230617775425061366242484b4f6a675a492b6d656c6370346f3849616a713369714b3867534a375752597849576647336277636a76783656322f384161576e6a2f6c39672f77432b78544471646757582f544965763938567652786c616c506e54753757314d716d467031493872566c766f56724477336f2b6d7a656461616644464b4f6a344a492b685053725639705668716b596a7672534b3455644e36386a3648714b483154543431334e6551676637326635566b58766a4f7874675261777a334c6a70694d7176356b5a2f5375617269355166744a79642f782f7741797052705534326156692f6236546f766832436137677449625a56584c79446c73656d547a2b46655036337275734858574f6e336b6348326a644d3653496a4148642f74443644384b3650564e61763841574844584752456879734b6f516f2f782f477348564e4a30375532746e6b6b31434753434e6f6a732b6663764a474352786a4a4850627633727871754c6e693631336457373953634656706532584d725256393176636830712b7562713053357570684a6343566a4956414142445a774d6341644b396752673861734f6a414838363866307979673079326d6868576556705a4e786b6e4148474d5941396338353437656c657161546370646152615449367572524c38796e497942672f7144576d436a795670713937325a546a425969627075366570634e464a6d6976564e68525468544d303455415a58695333452b6b6b34356a634d50354775505748466437714b655a70747776384173452f6c7a584842525573434259717a5a62393570356262546841386b527849387a454b7039414231726443656e4876584150645136524b3862537661547867704d6d3363387a6451797433486662676348725763322b5a525855364b4d59386b70745861746274387a634b617370793271574379646b386e49503961596d74793231334661616a6249576d424d636c7343774f4f755649794b6f48574c4f56557545752f4a3533464d344f3748494937347a574e712b6f57392b31766232686d574f48654a53574b687432446a726b38314653314f504e646d314675764e5163567235572f4937477a3166376471636c7646625a685137664e376734357950366452575a3476316138307037614b305a592f4e55735832676b594f4d633864363644773162506265484c4f4e3032664b5346786a676b6b5a2f444663313851347948302b5448474a467a323747765177664c5571527574482f6b65646934756b70525432596d6d6172716b4f74572b6e616759626c62685179537867635a47656f362b68713966654b644e73627072646f357057516b4f59314746494f4d484a726d3755784c7139684a34652b304e4e674c4c48494d2f5832436e6e7653616e71732b7172644a645841744a4977503947326b65615231334831474f422f2b7575365747684f6162576c74656e34484971306c4863313733784337363170734e69366d316e324d547436676b67676a74532b4b745a75394b76626543324b7147514f574b352f694978394b352f54597964573051592b3856493978356a56722b4f6f576b31327a6a41507a7768526764666d50536a32464f4e574d6261575965316b34746b746a726d6f617671784e724773566a41533872466335514476376e6e46546162654a506161726466326e6350484742687a474145474f4741372b6836566e57693376687657626a5333567049377043695948444567685748386a56577875477364493148535a3761345336754d4263786e48474f4d64632f70546c52692f68576d6c7654714a56477669387a704e4d31697a743948382b3576486d59795067794b464a776577394f526a36314c5a2b4b394e756a496a4c506275694d2b4a46484941796359372b3163666332386d6d584f6d52336354426b555376482f466775546a363446616c315a5866694c5637792f7362615479544438753964764f3347336e716155734c537535505a39527172505a4772593332644431432b66564a325553694e5a44454d49654d4544766e504e61656968723351344a667456772b35696438674159383950702f537555747864792b484830575054376f54744f4a533551375747656d6533313971377253624d32476b5774715370614f4d4269707943657078584c69595534786136742f676130584a79543749633668506d626f764a50307264384849592f434f6d352b394a455a6a6e2f4147324c2f774473316333724d68683065396b483368412b50715267667a7273394f68467270747262447044436b66354b422f53754a626e53586330557a645256675355345532676d6b4d4a634e47796e6f774972684a6e6c45624c4330596d56747033394f44676a36313273726d7553316a5372695365536178614b4d757864316453637365703639366d537543646e63707853366875515343314933664d564a2b373765394c71576b32577252626268434878745757504164523747736957793178547a354a2f774341482f477137572b75442f6e6c2b41502b4e536f324b6c55626430726568527650424d736a52573174694f4a546a7a53334750377847636b2b33725770592b444c477a496165356d754742422b5a5655444850706e3961716d4c5866566679502b4e526d44586a3132483671663861747964376b387a7459375a5a6779686751516534724d31583757397a616d3344764175377a30582b495a584834396677794f396334493966556346523941522f576d73664551364f6679502b4e4f457556334a6b72717872326c3571496e6c746a6275673876646c597350796835425048336867413144397131475732517757786d79755249366e63354434507a455a4134786738344a36316c6d547849502b576a666b6638615a353369542f6e71332f664a72583678726578484a356e53326c786679336b596c746f346f564a2b59775949474f6735347a78307a57717a49534351446a706b644b34555365492f77446e712f35476c2f34714675736a2f722f6a5755366e4d373273556c59376e7a464a42774d6a7078536563766d4562687578307a7a58442b567237645a472f48502b4e4b4c54573835334c6e3177663861584d796a6f6452744c4a6453683157574550504541417a5337514d64506c787965614a64516c514656447a4a4952794a774e696e7143434d386533722b4e59417339612f76722b522f787036324f732f383955482f4141482f414f765363704e726d31534b6a4b4d593253732b35764e6567526a5a424353514435666d4e73427a6738597830782f6e6d6d51584d7a52525a4452374f42457a6e47427743534d666c5753746872422f3562702f33782f3965725676704f71794f4e30363437346a2f774472306e5a7131696c55614e4b63727155734f6c37347a6354346c4d61357759315962756638357276454935726d4e49304f4b78763276697a79584c5265555862736d633441376331306b564e4b786d545555555651452b303068537247326c32696b4253654974554457784a365670375253465251426b6d7944446c616a62545650384e624f3055753055774d4136575037744a2f5a592f75317637525273487051427a2f41505a592f753066325750377464427358306f4b4c51427a33396c6a2b37522f5a512f753130477755624236555741352f7744737066377448396c4c2f64726f4e67394b4e67394b414f652f737066377448396c4c2f64726f6467394b545976705259446e76374a582b375431306866377462327861554b50536744475453554856616e577856656969744c41704d4367436b6c7267394b6d5748465742696c6f416938756970614b41485a6f7a544d305a6f41666d6b4a7075614b5143356f7a53555577467a7a526d6b7852696742643147615446474b41444e4736696967417a526d6b6f6f41584e4a6d696967417a526d696b6f41584e4a6d696b6f416344526d6b6f6f4747614b4b4b414369696967416f6f6f6f41576c6f6f6f45464c525253414b4f3146464d416f3755555567456f4e4646414251614b4b5943554769696741704b4b4b41436a765252514d5369696967442f2f32513d3d);
INSERT INTO `sts_urunler` (`urun_id`, `urun_ad`, `urun_adet`, `urun_tarih`, `urun_fiyat`, `urun_goruntu`) VALUES
('333333', 'Ekmek', '780', '2019-02-21', '2', 0x2f396a2f34414151536b5a4a5267414241514141415141424141442f327742444141674742676347425167484277634a4351674b4442514e4441734c44426b534577385548526f6648683061484277674a43346e49434973497877634b4463704c4441784e44513048796335505467795043347a4e444c2f3277424441516b4a4351774c4442674e44526779495277684d6a49794d6a49794d6a49794d6a49794d6a49794d6a49794d6a49794d6a49794d6a49794d6a49794d6a49794d6a49794d6a49794d6a49794d6a49794d6a49794d6a4c2f7741415243414330414c51444153494141684542417845422f38514148774141415155424151454241514541414141414141414141414543417751464267634943516f4c2f3851417452414141674544417749454177554642415141414146394151494441415152425249684d5545474531466842794a7846444b426b61454949304b78775256533066416b4d324a7967676b4b4668635947526f6c4a69636f4b536f304e5459334f446b3651305246526b644953557054564656575631685a576d4e6b5a575a6e61476c7163335231646e643465587144684957476834694a69704b546c4a57576c35695a6d714b6a704b576d7036697071724b7a744c57327437693575734c44784d584778386a4a79744c54314e585731396a5a32754869342b546c3575666f3665727838765030396662332b506e362f38514148774541417745424151454241514542415141414141414141414543417751464267634943516f4c2f385141745245414167454342415144424163464241514141514a3341414543417845454253457842684a425551646863524d694d6f454946454b526f62484243534d7a55764156596e4c524368596b4e4f456c3852635947526f6d4a7967704b6a55324e7a67354f6b4e4552555a4853456c4b55315256566c64595756706a5a47566d5a326870616e4e3064585a3365486c36676f4f456859614869496d4b6b704f556c5a61586d4a6d616f714f6b7061616e714b6d7173724f3074626133754c6d367773504578636248794d6e4b3074505531646258324e6e613475506b3565626e364f6e7138765030396662332b506e362f396f4144414d424141495241784541507744332b69696967416f6f6f6f414b4b4b4b414369696967416f6f6f6f414b4b4b4b414369696967416f6f704d30414c52535a46476141466f6f6f6f414b4b4b4b414369696967416f6f6f6f414b4b4b4b414369696967416f6f6f6f414b4b4b4d304146465a742f72466e595a5757594758484553664d352f442f4142726d4e5438597a524b4d65585a496338796e63352b6748465a7a71786a75615170536e7364737a71696c6d494148556b34465a5633346a3071794f4a72364d742f646a79352f495a727966557647377a426848353930447757636e61763836776d31363775535934416b517879492f77434c74675679547874766852323038766d2f695057727a783962785a577a744a5a572f76536e5976384155316933506a6a575a553352665937644f6e436c79666f53636670586d39334c71684549453070647a67726a743037386345477172766578506b4f3068484943595048546b3539653163733856556c74493634594745643065677a2b497463643848574a632b714256412f49564c62654b645a684b7564526c664a7751367177483656352b756f334e704b457545614f556666516a5062726d744b323161436431595341417230593535486250725763616c6139376c796f55375735667750543750783471794c486577686875775a49754d6535422f705858326c35623373416d7470556c6a50526c5038416e4665494c4b7268782f65797778394f6d6132644131576533314b49327a6d4e6e7875567675736d443139656356325563584b39706e4257776953764139666f717059586b562f6152334d4a2b52786e486348754456717651547565653942614b4b4b594252525251415555555541464646464143555657753779437874326e754a566a6a5871782f6c376d75463150785865333750446166364e62455933446d52686e4858742b4835317a317352436b7665334e71564364562b36645a715869437830356a477a6d576344506c52386b6658735078726b4e533856616c654232676d6a73375652387a6867435071782f70584b366e71536165725253766a42323756354c47737a5a4a66782f6174536679625146764c686268636a32372f58387138367069357a386b656e53775559367655314a76467346704555307048764c706a68706e42434b542f467a79336175647576746d6f58627a616a4b38307a6e5a35476341647a6b4438767871364954627a695a4967367763724568473532503353536567373143594c3947383635514c35366c6a49543833584a2b6e512f67613570346879584c453759306f553965704a396c68684b46596971494370324e6a3575707839425472574f4f6161424972426d676a507a79627651594250544f447a3656505a323733747248425a324d6b793774375353417175306b636a31507457706261566436684d453032434e6f5932614f61557179416a49424366337570353663455645615653544d705968493534584357707939777534735633475464675a7a30365a342f57697961305952336f7530784944476a724763466a2f41437274644b2b484e6e43574e7a454a464f526a36316668303751644e6d526d4d62624238696f4e78474f6e734b332b713253636e5978654c766452314f42754c4a4a5a6e4f3765797150336a4d54752b68503049785647577a695635504f7453724f3256495934554145446e303731364c637a61624d782b7a3249444f655249514d6e5062304e63374261326c7450356874326362734b70636b44743050465a754369394a476b61383274556337703035694b785154433469436b79726e4452666836566f57656d793375707858666d53785177387346596a6552673766706e7237725730326d5743744a4a46617852794d4f585559596a754d303530574b5064435447565134787a794b626257774f7066794f72384861757639705461652b46457738324d6637574f515077352f43753672777977316357576f615466376d44783343525363395363416a386d4e65356a7058723453626c5431504a78554f57597446464664527a42525252514155555555414a69714771616e4270566b39314f547458674b764c4f335a51505531616d6d6a6769655756776b614b575a6d4f41414f396559617a7244363365744f705a626441567431364544752f315038713563546946526a66717a6f773248646156756947332b70335772587775626c7749342f75524437715a5062315076574c7147707857572b4b434c7a5a5848796f4f764a2f53716d70366f73492b7977357a6a6b6a312f78716a486365564777746d4d6b376b6953567675723642652f77434e654a4b626b2b655237734b536a47793246444a6233686d76647331344733434e4d6b526a304f657661716a586639703334734e7a53434e64774a4745555a3578372b39547836644e6467323171433038687758786b4164546b3132756a654345307653355a6d324e636555325878304a396171464b56524f62526e5572714473637a6261626679415855614f38636f454d534c386f503841742f68577a6f506847397554464e635373355669736b622f414853502f77426464686433656d3658613273616753474b4d5a56423079423337566a7672576f6c69466e454737424d634b6a6a6a67412f35357264786f306e7271636e5056714c5452485333454f6e3658706b71504a48415445564f4d62754f4d67666e57504a723974624a4844707344717530786a65754643396a39663861356d567a4e4d37536c335a3867732b5333706b2f72566e6152745562646d4d4432785554785570664372446a686c48346e646b747865333038755a3769516a2f5a63717674774b724a47324d452b34417163702b3542596a6467412b6848702b744b772f654b716b2f4b505373586475374e6b6b744552494130624d526a6132306e33707369724847474859386a303961567633534d656d3179783437347171576a6e554442777263594e46374474636b6432337354387043355071633144396f4969646e41414f654d2b6f714b6163794f574a437351666d49344136317a756f366f306b766c526b6555446c6d2f766e2f436e6370517554615742663841697652744f515a456d6f7049333058356a2b693139466a70586733777a74526565504c5766414a7434357053662b4168422f364858764e657a6734754e4a58504b78736b36746b4c5252525857636755555555414a5252575a7265707270576d54584a7758413278722f656339422f6e30715a535555354d63597554736a6d504775712f615a426f39752b46346135492f4d4c2f4146503456784773366846703045554b736f6e6b50793550334230795255747a654779535736756d6153544a64765632505038414d317a306153332b72576c314f597a4d703878314a4a43413849422b656672587a3953703757626e50626f66513465697163556c38794d7972466237676b6b6b3067355a6752786b352f4f726c687063393950485a344b46766e646a317139706472397131435879346c4b7846764c6a50414f446763392f5775702b776659554554796237746867685439776465767636566e465362353274417131552f6457354a59574f6e36444172524d733977526e436e4f632b70715336767271346a3275785241636255474152312f476e515734696847514f52787a6e387a54474a63386367644f65746254717961747435484c476d723365706d4e483577775647317547415071616e65506a3767492b7454783236683377574947447a302b67703748793144417166703272474d44567937464672645338626c7a676a742f576e7978486c6c36415a71516374474357414144444a376a482b4e4d6d6c57506368596b4e6e483178564b4b734679716e45356a47414274494834314b2b776857424f416472593631534d68646d344f4d59796f35787a5467776755753550792f4d3366464a4d706f4a376c43474a50423449394b7a764f53324c6c3334787659455941343961725839784861426c615173736d47436a424a4f4f514b776452765a4a64306b35357746564d386a742f49557457614b4b53314c462f71426455574e536b4c6454794e7772456c6d2f646e35756539515856365a6e6467534647455565324f667a7256384b2b474c33786a7259302b4176485a786b4e6433493649766f50396f394150783756315536504e4b794d703156474e326567664250533363582b7550475569645261784d66347947334f52375a326a3667313744565454395074744c73494c477a69574b3267514a47693941425671765a68486c696b654a556e7a796368614b544e4657514c5252525141306e4665632b4c4e592b33616f4c654d6e3750624e74422f7653647a2b48543836367a784c7133396c36553752734263536e796f76596e763841674f613873315355574668757a6d566873514e7a6c6a786b313565507250536c487275656c6c394737396f2f6b5a56334d4c2f5678626f7279517767764a744848484a4a2f6c2b64515769465a487534312b5670526a6364717377364450312f6c566d3268574e4874345474472f4538702f6a34396653746d79307947394e7263764a73303631594562446b4d7737595071633839713878576e4b793252366c53664a477874364c7071614c706b39374f696d357557486c70372f304170595a634b586c7a754758646a7a6d704a4a70377959334d6e63345665796a742b6e476161597757787535395066482f77426174707a752f64325278776a625757374a56594f475a526b46526a2f4a7058554b696c6563397655564835712b576334334134397335705938636b6f5132306b6334354653757854455a6b4a50494a427a676a386a54477730524f51584a354f50536c614d75465a4d5a326c5166656f70473257343270387a59424464543755397477494a7273666435334b345049366a312f47714c7a78534e4a7a6c695346323867564c4b7934324849326e4a4c48332f5771517649304c5257366279446b73426743733554314e597830465677535332456a2b38784a3666354e55726e554e75664b5a6e506479666c79503530365a5a4a794e7a5a357a7448432f2f58724d6c6c6a695669374251573471624e3647695357705175466153346d6e6c6268523934353539682b4e632f65334b4e492b446e41484a717a71327053534c356176386e4c45347831344839616d384965464c33786e72503257412b56625234613575434f49303968335939682b4e64744b6c6579527a3161746c646b33672f776871486a505554426274354e704351626936595a456565774864694f336271612b6a5044336833547644476c4a702b6e512b584544755a6a79386a643259397a55756a614e593642706b4f6e366441734e76454d4144715433596e7554334e6156657453704b43387a794b745a3148354330553342794f61645770694a67656c464c5251416c476355566e617a71433658706b393065714c386f3957504146544b53696d324f4b636e5a48442b4b4c30616834674d61746d4b312f64727a78752f6950384154384b34765658612f77425545455a632b53514632726e4445354c48506f5031497256755a6d696e6b6c77436f694d736a6b3841592f71663547734b33533653495369462f7446776f324977414f58596463656d522b56664f546c4b63334a37746e30644f4b705153585247706f576979362f506432384c464c434a4e7063644736642f5559727035776e32574b7967414674627273544b387365374836314c61777270576b707056707342786d64774d626d376a365658492b62596348507030365670557443504c48356e4c467563755a2f496d68334a454d63397359706b7a6b62327a6b5a4743505770675939714435766c475455544d4d6c4f694d4d38647550382f6e557461464a616a506c624c496e486344424455354e70546352387a4568523278552f6c787742576a4f374a786a4861737939314f33746e326a4d30684833414f422f68536135645a464b38744554746451785341687a73474274786e4a7a302b745a383932507335494c43512f4e685433363471696269346e567432315177786755364a684261463932357978565165653355306c4c6d666b57346370466379713853395343656638413639566d496a5537526759794f32615a65584b52775a63676b6443426a484656477546614e5759345144715065706d6a534f785a754c6a64416345597830726c4c363833545944634c7754362b74573732394d616c5132474f5077465974685a586d76367444706d6e786d53367547436f443048646e506f414f545774436b354d7a717a555561766848777265654f645a4e72457a51574d4233585679712f63485a526e677365333531394861486f476d65484e4d6a734e4d7431686758726a6c6e5039356a314a393672654650444e6e3454304744544c516274767a797a45596157513957502b6541414b33735637744b6b7161736a784b3156314a6551486d675555444e616d4974464646414252525251416c636434336d3832434b31424879346b626e766e412f725859397134507857524d3133735037785a4651642b4d444f422f6e7258466a354e556d6c314f72424a6531546651347658626c44706b467168437850777a6a7135364850746a4e62476a575673326e323936574c54592b51593662652f35477344374775726131465953622f73317447586d634c6c535365526e315054365a72733765454a684643694f494256565467414474586b72526e7256646c45497876324541416c5158474f2f70542f4143346c4b484a33444f533355564c35696f51694956414f41523631556c757842433548584a414a366466363831617446585a6e7139687a79355037704d73526a6a76323539716f7a584d6473374e4d766d53494f455871543135394b7079584d6b7176354c474a4153432f6476616d4172456733595041366a7161776e5676736278703233466c31433776475a354e7353767955586e763639367075455231424948484f65394b383477534677416541656771724f366c6932632b6849352b6c5a79316432615256744554504b714b323737762b5038412b71714d6b323170504d4132794c6b456e67635a2f77414b686163764a676e4135794257646558507967676a48765678597244707076334b7164704c6473386d732b57374735537a4b6f5831486633716e6458536c79335033635939666571456a7449366f717337756473614b4d737a486f414b336853755a7a71325767795753653475424445727953794f4652454757596e6f4142583042384e50414b2b464c4933312b717672467967456e63514a31324c2b6d5433493971716644623462703465566459316446665670462b5350714c59487350567a3350626f4f3550706c6578516f636975397a7838525863335a6243306e55557446644a796852525251415555555541464646464143487058413637636d30317134594b51736b6f79772f33522f68586664713837385254655272447157344d674248314e634f502f414961395473774b7655666f495168574d7737646877447441474f616c4a4452755741446a6a6b385a36566c79334832464651444778526a2f615039656172507145387973714d49397742636a6b6d76483531486663395255323135466d3876767330524a632b59474a4155663534724c2b3054337246376a45654747314277446b55356b433533456c6a39374a3631584e77675a664d626a5042724f556d397a654d557469307a434d5a4a3448594371306b6f777833386b66705250506c67526e42365a373158446748446e73654b6e79486271516e4f43474a7a3664665771747a4c684d62694f656771567051517a424d6b6d736d377574736a4b54676b6475314e4b343278303130456966377866424978307248314337614f4e564a424c444f4d3032367532566832364842394b6e30447731716e6a44575869736f39714b515a7268682b376858746e31506f427961374b4e42746f3561745a52525830545239543853617174707074763841614c677275626332455252786c6a325839543272336a7758384f744f384b4974314b46764e565a666e75575868505659782f435066716630725a384e65463950384b3655746c5952354f415a5a6d41337a4e2f65592f79485156756a70587355714559613954794b3165553946734f6f6f6f726335776f6f6f6f414b4b4b4b414369696967416f6f6f6f41537545385a325a74645274395234614b55694e31595a777735422f4544394b37757333584e4d5856644b6e746541374c6d4e6a2f43343647734d5253397054636570745171657a6d70486c4e334f733075636e47546a48583630314c694e546a5041344a71684938304c50464d75795a474b4d434d59596345483371755a536f427a3147446d766d704e383376483055624e614632347542764f3035353631526d6d4c6265656f342b744d45724d79342b393346446d4d4b41443835473748703755747939674474497752636e6e714b6663546869633441544a5934354271424a5930595a596a48584a78575666336a4b785134574e676478397638414f4b7145484a324a6c4a4c556e75726d535332444b52476d63637341574936316b33567a354b4b7a6b4a332b627437302b78307a557645756f4c446f746e4e65624141575651466a2f7742357567357a33723133775a384b4c62534a59395231786f37375546777952415a696850342f6662335041374376536f59535439447a362b4b6a45383538482b414e5438586167386c7973396e70385a2f66584470746469526e616762715343446e6f41652f53766f48527447734e4130324f77303233534333546e616f354a377354334a3961306670526a31723161644b4d466f655655717971505554615454674d5574466147595555555541464646464142525252514155555555414646464641425252525142772f6a4877522f62556e327a546e6a6876694d4f7267374a67505848527665764d6237777a34783039775a4e4a76646e544e75776d41482f4153542b6c665170704d5679314d4a537153356d7454707034757054584b746a356b6c31433530387374784a4e464e335357457177503049707365727a79735857306b75487868536b5a7766726756394e4e456b6842644662485463416163455656777167443048465966326444756448396f7a37487a6670326d654b664545346a30335270454764727a53786c45586a75584834385a4e65693650384972474f3468764e657648314f5a562b61333237494166703149486f657663563662696c72707059576e5432527a5663565571627372327470623256757346724246444376437878494655665143703855744664427a6852525251415555555541464646464142525252514155555555414646464641425252525141555555554146464646414252525251415555555541464646464142525252514155555555414646464641425252525141555555554146464646414252525251422f396b3d),
('88888', 'Zeytin', '6', '2019-02-21', '25', 0x2f396a2f34414151536b5a4a5267414241514141415141424141442f327742444141674742676347425167484277634a4351674b4442514e4441734c44426b534577385548526f6648683061484277674a43346e49434973497877634b4463704c4441784e44513048796335505467795043347a4e444c2f3277424441516b4a4351774c4442674e44526779495277684d6a49794d6a49794d6a49794d6a49794d6a49794d6a49794d6a49794d6a49794d6a49794d6a49794d6a49794d6a49794d6a49794d6a49794d6a49794d6a49794d6a4c2f7741415243414330414c51444153494141684542417845422f38514148774141415155424151454241514541414141414141414141414543417751464267634943516f4c2f3851417452414141674544417749454177554642415141414146394151494441415152425249684d5545474531466842794a7846444b426b61454949304b78775256533066416b4d324a7967676b4b4668635947526f6c4a69636f4b536f304e5459334f446b3651305246526b644953557054564656575631685a576d4e6b5a575a6e61476c7163335231646e643465587144684957476834694a69704b546c4a57576c35695a6d714b6a704b576d7036697071724b7a744c57327437693575734c44784d584778386a4a79744c54314e585731396a5a32754869342b546c3575666f3665727838765030396662332b506e362f38514148774541417745424151454241514542415141414141414141414543417751464267634943516f4c2f385141745245414167454342415144424163464241514141514a3341414543417845454253457842684a425551646863524d694d6f454946454b526f62484243534d7a55764156596e4c524368596b4e4f456c3852635947526f6d4a7967704b6a55324e7a67354f6b4e4552555a4853456c4b55315256566c64595756706a5a47566d5a326870616e4e3064585a3365486c36676f4f456859614869496d4b6b704f556c5a61586d4a6d616f714f6b7061616e714b6d7173724f3074626133754c6d367773504578636248794d6e4b3074505531646258324e6e613475506b3565626e364f6e7138765030396662332b506e362f396f4144414d424141495241784541507744332b69696967416f6f6f6f414b4b4d34716864363570566743627655725344482f4144306d55482b6441462b69755475766956345574633531564a63663838555a782b594656562b4b2f684e75742b342b734c2f34555741376169755054346e2b456e2f3569716a3678755036564f767847384a4e2f77417871334831795036555741366d69756354783734566b4f4631797a7a2f414e644b6e486a4877352f3047374566575a52525944636f724958785634666637757461656638417434542f4142715a6645476a5039335662452f5334542f476744526f716d757261612f3364517454394a6c2f78715262363062377431416670494b414c46465269654a7675796f666f77702b355430496f4157696a4e464142525252514155555555414649535144675a505955744641486b6f2b4966696536765a726351365a61624a475441523557474352314a41505430725a732f376231546d37385258614b66344c534b4f45666e676e3961386b315878464e702f695055306774347a73764a5143354a364f61636e784538516f753243614341657151676e396331356b3559715430646b5a547856436e767165767a6546744f6d55746479583136332f41453833736a6a3873676670574865364670566d474d476d32735a3952454d2f6d6138316c3856654b4c38425731572f666630574e6975662b2b635668334e786479502f414b544e4f37455a2f654f787a2b645a2b7772532b4b5a6a2f61555073774f34314d32366c686d45653252574b6a51435135614c6e6e714b355967633864714841794f5034522f4b712b72655a6f73613272387033746f3174786c6f507a57742b794e6d635a2b7a662b4f31354867636344705334486f5079705043332b304b5750612b7965383279574434334a614e39516872586830335370514e316c597639596b50394b2b636f347a4a496b614c6c324956514f354e615839673673694f34735a79714f454a52536566624857702b714e66622f7237795037526c306866352f384141506f452b4864456b363650594e2f3237722f6855622b4576443739644373542f7742734258674b324f716f7274396e764543444c5a566c775038414a7178396e31754e597a6939784943553275787a333748696a36764e625650362b385839706436663966636530542b445044707a2f7741534f3048306a49724c75664232674c6e627055532f377059663172797647764c47386976666855415a694a482b55455a425050302f4f6f4a4e53316d414b5876622b4d4d4e793770584752307a31396a545647723071666d502b305939615a3650636546644851485a61736e2b374b772f7257644e6f746e482f712f505448393264782f5775462f747a56762b676c642f392f6d7068316e55323633397966724961705571362b332b4c4b57507076374a31386c7559542b37753731667064502f414931517647754a59576a6b76723531414f466135636a2b64633264567679656279592f56715a2f614e345747626d51382b74556f312f357a5259716d2f736e315a3463736c302f773570317172797549376442756c59733354504a5031725571437a2f414f5047332f3635722f49565058706d6f55555555414646464641487956346a2f7743527031662f414b2f70762f517a54394a315348546f5a77396c426379534562524f7535514f2f656d2b4a5038416b6139592f77437636622f304d3159384e61496462314879335970625244664d344f4d443079656d65656577425061754f625354625049713833503775356450693637454470446132735264773337755068635977414f3351665771666965485634745551367a6a37544a43727274786a59633448487079507772724a6451384b51517442623652484d71443562674c6a44446f777a387a4450504a3572423171384f705774314e65754a4c6c416b6b545a5047356748414859486767647563566e467479566c5a6669592b30557664637276384e5036304f56506636556a39522f756a2b564b652f77424b522b6f2f33522f4b74546f6a73487053696b394b587651524d6c686c65435a4a59794136454d4d6a497a3944576d336954566d4342627953505932354447785862675941486f4b6f576c6c64583879773264744c5049546a624768592f77443171377a5466424e687039736272575a6f35436e2b734c536249496a364668793539682b745a314a7768626d4d3478715034585a484b6a784e72596a4d663971334f31675151587a6b47724e6c34753157774d586b54496f52416d4d66667775464c6570466455504666682f542f77423170746d5a38667852524c436e3869782f4f6e2f384a7148482f49497469505352693338366e6d3778742f586b524f72476d2f6571362f4e6e4b6164722b767a366f677335576d765a33492b34435a43514267397344415073526d723369625450466c7270496b31615a626d7a33686e5a4756396a633479635a787966626d72317a346c74512f32697730363230752f4149467a4443725a42367151656750714f6170336d7458354433426d4a4d71346c6a5a393063672f3343534e70394f6e7069706b3538366362637658762f58336a2b73556c54316b354e3974762b43635854545851617a5a36596d6a6166714667646a334a626646763362434d35583641675939694d317a35726f5a584b34757a45372f6a534c39386637772f6e533936462f31692f7743385035304852452b777254697a67482f544e6635564e5556747861786637672f6c5574645a366755555555414646464641487958346c2f35477a57662b7636662f414e444e644a5a785a3848326d6d32725232747871486d53547a4f446c30546b6a6a31796f48627236317a6e69582f6b6274597a2f77412f38332f6f5a7271764674773972724f6a7a474a70466131614a52763267483544796654417267714e65306a462b622b34382f6c587679665439526c74346355324261572b4359555a4378453450516a714f6a636672554d576e58423072574e47745761386b43787a4a386f42774762703762514741397a57326d6f796a54707072665437613779562b574f5a6d414a4f343548427875476630714c77726133435433397a637269526b5333366638386f634839546a384b7a71566f52707555664c387a44423061626e614b33396631504e44332b6c492f5566376f2f6c543566395a4a39542f4f6d5031482b365035563046523244302b6c574c4f7a754c2b36533274596d6c6d666f712f7166596539562f54365676384168412f38547868363230672f51564d356373584c734369707a5558315a3366683230752f443269693176322b7a4c736b7562677875472f643536354858686344363179625873506a47333166553954754c6d32744e4c455477577342586235624d563267482b4d6e487a65354a3656333276574d75705774785a5166363666544369442b3832346b443863592f477648744d764c6930734e53306f573852573838745a586c79476a324e75474f51427a3667317a594a786e7a5658752f77444a4858696f4b6c70307364592f687179307535314b5336754c68374b306e69686a387056387951794a764763384443673539546a70577646345767533769737062716435726b5376626d474d595a45556c53636e67746a474f337656433231784c6c4753396c734a5935466a38794837504956655242675346675164324f446a676a6a4662756c33317a4e4f626c354c4f364e756b3869334179727862314943675a41414c45415a48475469746e567075566e2b54504963614d353274662f68396677324d4b39304c5334316470622b34534f3276526158556e6c726a376a737a494d2b7159415058394b78722f545a66443658594e3833326d337573516f5170676e69434b2b38412b6f5a4d44483856626d6f33757333747663326936505a713934664d6c64426c326b326b4d362f4d634571573441787953426d7366554e4e31445839553076534a4747644f733069754a647645517a75353953464b723635584661516e54636270364739434650374d546f7645316e632b49744574704e5073444a496952544a4845672f6449366b7342364c757878586d3873556b45725253787448496877794f4d45483346653257434c47742f476946596c7445534e54325654676670586c6669773538527a2f4150584f496638416b4e6134384a583532347262562f697a7578644b3056563673772b2f3430522f3635503934667a6f372f6a52482f726f2f77446648383637546e6966596b482f414237782f7743365035564a5563502b6f6a2f33522f4b704b367a31416f6f6f6f414b4b4b4b41506c4c78666179326e6a48566c6c58472b376c6b55396970636b477573385974627a57756c52795845427470554452797068746b67474779777a6c534e6f4937455631666a33775a487131307a526c59705a6957676c5033566b376f3373335836313433666164653656644e615831764a4249684932754d44384f78727a374a314e643163344d527a55597973727152313174346675703746586d75596f4c4437356e4d7962434f6d526875545737704774324e774c392f747951324e7568686a616467444e492b50336a45386b6e3567507153666279374848536f7a316f6e5255315a6e446871366f53397950346a5835647a376d6d7631482b365035557672394b535437772f33522f4b74546f6a3849656e307261384c33454672726179584d3651786d4b52664d6b4a43676b635a78574c3666536c48576c4b4b6b6d6e31467a4f456c4a64443236367672505639507447306257306975346d554e4c6253674861446b713674795636394f6d667772792b39314b7a3150554c6d5455455a6e615679743343427559466a677376415048635950726d73506a30705255556153704c6c5430444534795653326830646e5a57737a716c74714e7178593455535035522f386677422b6462712b484e5361457865646272435347492b32526c5366584159383177517032333248355662696d656679306d377550346e6278364c70656c584358562f72304d55305244714c57584c676a304979522b412f476e782b4d4c43432f74725453375a46686b75464d317864446735504c45456b6b382f65596b2b7772677a78327068363150736b2f69312f4c2b7655336a5835566143736a327531753762544e426c4773367a43392f4b4e7254584c496a4d4232565648432b6d636e3337563554346f6448385258526a6b53525145586647775a5468464842485771647470743764734262576338705039794d2f7a7270744f2b4775743353724e65694c5437632f787a747a2b4137316a43464f6c4a7976712f363252364d363158457855564851347a762b4e62656b2b4762322f6b6a6c6b58375042754233754f5735374376514e4c384761666154694c543764372b3748576556666c5833413644366d752f306e77314470362f614c6b6965367753446a35553437652f76576b5a53714f30456230384b6f367a4f72682f314b66376f2f6c54365a442f71552f33522f4b6e3136427546464646414252525251426c33567446647853517a4c6c472f4d483148765754633658464c45494e51744972794963427045336366686b6a38695070573466766e363157533974354e526c73456c4458555553545047416368474c42542b4a567679724372526a5533334b544f625067767770503937526f426e2b3434482b46592b722f4366514c32423230393537436247564f64386566635a5038414d5632656e6137705773584e376257463944637a32542b58636f684a4d545a4977655056542b565759354c57346c6d5347534a3549483253694e686d4e7341344f4f687751636539632f3157612b475244703070627852387861396f4e2f3464314a374c55497472675a523135535266565433465a622f65482b365035563944654f2f4443367a6f376a62754b664d7267664e4766583665762b54586a476e2b45745176727a7935564d4561454b7a455a4c45663352332b744f376a705063354a346478646f616f776c557579716f4c4d6541414d6b31316d6a66446a784672436958374d746e41662b576c303233394f74656c2b462f4245576c49736b646f49354d637a5338756638507741727459725152675a624a39517650356e4a705771532b46476b634a486562504d3744344e575155472f316d57567536323065422b6544573744384b2f4373474e3976655448316552682f55563131356332566842353939645277513767766d58453231636b344179546a4a71783555512f355a702b564831657139332b4c4e6c516f72614a79692f443377696e2f4d4a4a2b736e2f32564f2f345162776d762f4d486a2f4752662f6971364b38753950303233453939635774724557436953643152636e6f4d6e76544c4856644a314f53524e5076374b376549417574764d6b6855486f54676e48536a36704c2b59726b702f7972376b5941384a654659756d6a57762f416e542f774376566d48523948742f2b5062534c5254323278732f386c48383636546744734b676c31437a697534725357386753356d7a35554c53714866484a7775636e6f6150716665562f6b55755662497a3167756359743759516a313272466a2f414e43622b5641304a5a70504d765a326b4a36716849422b72484a4e612f464c5730634c4262366a356d525251513230506c51524a47672f685559464f66384131546637702f6c546d364836556a6636732f37702f6c5736535373695337462f716b2f335254365a47523553632f77696e5a46554957696a4939614b41436969696743696676743961386c385a327576743431757275323076564a4c4f564c6133575779526732497059334c45672f644965554433427a5872522b2b333172423855326d765432316e4e6f4579787a77546c35455a7343526470474d644735494f44534765592b4a494c7a5364633143363075333161785358575a456c65786964664d6938754667654238773365615166556e31716a344f317a55342f46656a522f326a71506c333931454c745a555965664a35456538766b636e3337344664325a2f6950614b684e74444c4c49724978444c4969486578425541673577514d6e6a67446731312b68584770586d6932382b72577074623437684a455430775341652f5559503430674c3359565474644c73724b57535333743052334f53324d6e364430465854322b744a3370324151642f725253442b744c5142355038593770645a466e345674593375726a7935622b3469686c6a5634315243454a334544475475493637516356794d33784d31482f68574f6a545750694672545637567a59795149454c544562646b6a6c67634945343932505869766f45324e71397762687257417a6c64686c4d536c79767075786e4874586e6d722b4a4e513062785a646164443462736a70634c78465a6861625677774734764a6a61764a504f4341426e504270415336336236507233776e683154576277616d746c61535470645366496b732b786f393233414247373776486f61383030554c6f58775948693377396476616135484e396a764a626367356a4d7049446767674842513775754d4376524a66694a716b6d6e57763250776850736c68696e456252753862524d655542564d4137655165515053724e2f347331505474546c67742f446a33476c6d78696e577a69303931597979626371587755776f79572b582b364d5a7a51423531714878473162374e346e6e68385833577931753478703678496d36594d4841414f3341556345385a4f306575615333314d616a343038495867316b336573507039796b392b7171484d2b32545946794d4e676b4b70787a6976515a2f473274545737533666345569386e37525043376f72584735343975434e69594f517847543356683235366e777471302b7578334d74316f456d6c7662793749684b6879366b5a33416c5678337a696744795077443437317a5650466e68537a766465764c6862694f345739676b5835664d426b32412f4c36624f2f4848537665364245716e4b6f6f505049554472316f7067446444394b61332b72502b36663555343944534e2f717a39442f41436f4179303143585976505955372b305a665771432f64483070615969392f614d7446564170496f6f4136326969696743696676743961664c6351576c715a37695259343147537a476f7a39397672586e487853317a5662652b306e53744e75466956783538674241615274324547543047527a39665370643761444e50786834382f736254376d61444b6f6b69524c496f426345395341654f505131302f687a566872766879313144356438696b507436626763456a307a6a503431345234344e786461564661573975586b6d5933637056386255544f5142366b647679723058344e61724263654349624e70434c675049796f33385341675a48722f396573634f3579686565374a686471374f2f50623630326e487439615476573551306631707736303066317077363041574554696e6c41564b6e6b486767394b696c75594c4b316b75626d564959496c4c79534f634b6f48556b313556346b2b4d4e6f7a7a706f66327965326a5572504d6b61786c4f6676526c2b53534d397567704e32563742756572547a51326475307330676969515a4a4a774142574b3369757a456279716b686854424c6b342b55383578394b34435457686657534a6154756b63792b59753543322f497a757975633536394b79646431693330765137694339764248635451734e73617335424b6b416b593447613832574c71564a38744a474c6d3237524f67623474527961724a623266324e56552f4a6233434f6a5344326b4879686a364559397a586638416837586254784a70535831734851354b5377794444784f4f71742f6e6b56386541334b7578755565435972356755706775443149376e2f396465332f4141643853573446394a63334a5247685153626c4f504d51347a78337761394d32505a3358417175657453515864766657797a32733863384c64486a594d442b49714d3961414550512f536b503350772f70536e6f61542b44384b414f6548515534444a704b6d676a4c79415578467943337a45446969745347454c4542525142616f6f6f6f416f6e373766577644506a444f316e3851394d764378525962414d70494a4277357a37642f3531376b3333322b74634c385a374133587731765a6f62565a7034696833424d737162756348725347655033742f4a592b4b59455962347271434c4d6a6e68564f4d2f515a4148307a585566444456706c31485172597a4b304a65574645326367727544664e36454d7646637261654476452f6962514e4f31585372555471462b7a4e4537685a517174784941635a586e74365674654250412b763841687a346f36664271576d584b32735450497430716c6f6d4730343548414f634139365677506f4c302b744a336f3950725355774166317052317042332b744b4f6f6f41346a347661702f5a2f6778554d636a70504f75344a364c38335059394f683634727776526456673147345757657a53507a354348455565664f326a4f43426a41347753506576665069583456762f4657677751366345616543547a45567a675a77522f493134523469384b617a344a30753167314551527a7a43535750796d47346334492f4c4234356f7542334e7266497477382b6c777853527867504759314d635954414a56674d6a364666307858433348694e622f56466e3149674c45354e7767546c3864553664653370556e6844785379787978584b675a54445077417a5a7a6b39756d4d316a65496f726579385558636b6c71306473654532782f4933417951656e584e4c6c5364376169736a7064617559504566682b2b76416e6d4c47486d74354d444b444f384b78366734334c6a6f654b732b45745775762b456368683074624954704d3754724c466b674d54674a794d644d446e317269394f4633724454324f6c78534d307962484b2f7844505134363072364e346d304b53534b54546456676642556d4a4a414755397372326f476536664454587865363966724235666b584a784949386842497135347a3134794d3447514161395062716138522b43476a5855656f7a33313559335675694b5248356b4c4b4763397954364376626d3630494244304e49507544365570365544376f706763393372563036444a4445566e524a756b78373130566e46736a464d525a41774d555574464142534d7752537a454252795365314c544a596b6d69654b5251306271565a5430495055554165533666347931574c5637794837536c7a6272635342566b416243376a6a44446e466567366672554e3942736d673235474350764b6135322b2b463167726d58524c7962546e3669496a7a49762b2b547950774e5659342f452f683034766449585562636638747450663573657052763861345a5573524233707975757a4c546939304e75626d347376694c456b4d704b5454517242622b51664c4552584462574277447732636a743731364d352b5131777476346f304c554a6c5437517346366f774972744444494d39514e333944547276564c367a7a354679366a734479442b42724e5974306e61704271354d4b5672744d36302f317070727a317648392f5a7469653167754648706c442f556670542f2b466f77453458535a6339387a6a2f4375694f4c704e587556794d3738642f72536a72584378664555536e6a54434d6e764e2f384157713944347965556a4669672b736850394b486a4b4b362f6d48497a7434756c634238536668772f6a65336a386938574765493555754d69747544784a4d2f2f414337526a2f6752712f4871303067487949507a71586a715063505a79504764492f5a2b6e74694a745931714d51524e356a4a626f546e48756136537a385651336c6c4a5a616470542f5937637173457478614752486a7a79354f306b6b3834774b394761396b6453724b68424743434f7463566365434557655532476f334e746279416a79424b32324d487273485965334659314d58546d7252646a4b7443716c37683048672f56394f31574f34697437426257347469766d4b6255516b68686c573239732f357858553548725848614e595265484c48374c5973337a48644a4c49647a794e366b6d704a39577667547475474830412f7771763751707254566d6b4b552b5663323531626e697178354e635463367671654469386e48304e596c33716d706e4f6232362f372b4d4b58396f5165795a667332656f465436483871614346566478412b707858696c3366586a5a44336b352f774236592f343168587477716f786c754639506d6c422f72564c474e37514679655a377a59773770632b3962714b465543736a77314c62587567324e35617969574757424372674842347765767544577a58656a4d4b4b4b4b414369696967416f6f6f6f416f366a6f756d61744559395173594c6c542f414d39454250353179397a384f4c614e542f593270336d6e2f77445445743573502f66445a782b46647452527542342f7176676a7848434354615739386f2f356157636e6c7638413938506b666b52584e5265477459456a41365671674f6542396a422f587a414b2b68614b7964436b39346a356e335044726277357261676264443152767248476e38334e62646e6f65754b41546f56304436506378442b6c657255565031616a2f4b506d6663382f68307278456f2b54526f462f3636586f2f6f4b755236663471343232326c52663730727458615555665671503871446d6663343254527647456f2b5855394b742f774464746d662b5a7067384c2b4b5a503962347252502b75566a4750353132744655714e4a665a5833495633334f4c2f774345493157542f582b4c395350744848476e3868522f7772754f542f582b4964616c2f7743336e622f4b75306f7131434b325172733477664450517a2f727039536d502b336550557166445477737633745061542f72704d3766317272714b7259446d342f414868574c37756957702f336c4a2f6e56794c77726f45482b72306578582f7469746246464144496f6f3449316a6952555252685655594146506f6f6f414b4b4b4b414369696967416f6f6f6f414b4b4b4b414369696967416f6f6f6f414b4b4b4b414369696967416f6f6f6f414b4b4b4b414369696967416f6f6f6f414b4b4b4b41502f32513d3d);

-- --------------------------------------------------------

--
-- Tablo için tablo yapısı `sts_yetkili`
--

DROP TABLE IF EXISTS `sts_yetkili`;
CREATE TABLE IF NOT EXISTS `sts_yetkili` (
  `yetkili_id` bigint(255) NOT NULL,
  `yetkili_adi` varchar(225) COLLATE utf16_turkish_ci NOT NULL,
  `yetkili_soyadi` varchar(225) COLLATE utf16_turkish_ci NOT NULL,
  `yetkili_sifre` varchar(225) COLLATE utf16_turkish_ci NOT NULL,
  `yetkili_posta` varchar(225) COLLATE utf16_turkish_ci NOT NULL,
  `yetkili_cepno` varchar(225) COLLATE utf16_turkish_ci NOT NULL,
  PRIMARY KEY (`yetkili_id`)
) ENGINE=MyISAM DEFAULT CHARSET=utf16 COLLATE=utf16_turkish_ci;

--
-- Tablo döküm verisi `sts_yetkili`
--

INSERT INTO `sts_yetkili` (`yetkili_id`, `yetkili_adi`, `yetkili_soyadi`, `yetkili_sifre`, `yetkili_posta`, `yetkili_cepno`) VALUES
(10400336210, 'kursat', 'karagozz', 'karagoz29', 'karagoz29kursat@gmail.com', '541888888');
COMMIT;

/*!40101 SET CHARACTER_SET_CLIENT=@OLD_CHARACTER_SET_CLIENT */;
/*!40101 SET CHARACTER_SET_RESULTS=@OLD_CHARACTER_SET_RESULTS */;
/*!40101 SET COLLATION_CONNECTION=@OLD_COLLATION_CONNECTION */;
